Workbook

Sheet 3.5mil_ac
A1: 3.5 million acre scenario: highest wildfire hazard potential, most accessible (A1) biomass | K1: Accessibility classifications key
A2: Counties: A2:A57, fraction of A58 | K2: A1: 0-500 ft from road, <20% slope
A3: Fraction of A58 (Tehama County, CA) | K3: A2: 500-1,000 ft from road, <20% slope
A4: Total ac w/o A58: | B4: =SUM(all_data!K2:'all_data'!K57) -> 3397546.8 | K4: A3: 1,000 ft - 0.5 mi from road, <20% slope
A5: Total ac w/ A58: | B5: =SUM(all_data!K2:'all_data'!K58) -> 3950945.2 | K5: A4: 0-500 ft from road, 20-40% slope
A6: Ac over 3.5 mil: | B6: =B5-3500000 -> 450945.2 | K6: A5: 500-1,000 ft from road, 20-40% slope
A7: Total A58: | B7: =all_data!K58 -> 553398.4 | K7: A6: 1,000 ft - 0.5 mi from road, 20-40% slope
A8: Amount from A58: | B8: =B7-B6 -> 102453.2
A9: Fraction of A58: | B9: =B8/B7 -> 0.18513462
A11: Results
A12: total BDMT | B12: =SUM(all_data!AC2:'all_data'!AC57, all_data!AC58*'3.5mil_ac'!B9)*0.907185 -> 42603357
A13: total initial MTCO2e | B13: =B12*0.5*3.67 -> 78177159
A14: forestry net income | B14: =SUM(all_data!DQ2:'all_data'!DQ57, all_data!DQ58*'3.5mil_ac'!B9) -> -1.3423018e+09
A15: pile burn net income | B15: =SUM(all_data!CR2:'all_data'!CR57, all_data!CR58*'3.5mil_ac'!B9) -> -3.1333406e+09
A16: burial net income | B16: =SUM(all_data!BP2:'all_data'!BP57, all_data!BP58*'3.5mil_ac'!B9) -> 2.0031258e+09
A17: burial mean eta | B17: =AVERAGE(all_data!F2:'all_data'!F57, all_data!F58*'3.5mil_ac'!B9) -> 0.77183891
A18: burial MTCO2e stored | B18: =SUM(c_stored!K2:'c_stored'!K57, c_stored!K58*'3.5mil_ac'!B9) -> 60723475
A19: beccs net income | B19: =SUM(all_data!EP2:'all_data'!EP57, all_data!EP58*'3.5mil_ac'!B9) -> 2.0724276e+09
A20: beccs mean eta | B20: =AVERAGE(all_data!H2:'all_data'!H57, all_data!H58*'3.5mil_ac'!B9) -> 0.80149886
A21: beccs MTCO2e stored | B21: =SUM(c_stored!AD2:'c_stored'!AD57, c_stored!AD58*'3.5mil_ac'!B9) -> 63582685
A22: biochar net income | B22: =SUM(all_data!FO2:'all_data'!FO57, all_data!FO58*'3.5mil_ac'!B9) -> 7.8273161e+08

Sheet all_data
A1: start_state | B1: county_biomass | C1: index | D1: wildfire_hazard_potential | E1: bur_path_length_km | F1: bur_w2_c_eff | G1: beccs_90_path_length_km | H1: beccs_90_w2_c_eff | I1: USFS_Acre_A1 | J1: Other_Acre_A1 | K1: total_acre_A1 | L1: USFS_Acre_A2 | M1: Other_Acre_A2 | N1: total_acre_A2 | O1: USFS_Acre_A3 | P1: Other_Acre_A3 | Q1: total_acre_A3 | R1: USFS_Acre_A4 | S1: Other_Acre_A4 | T1: total_acre_A4 | U1: USFS_Acre_A5 | V1: Other_Acre_A5 | W1: total_acre_A5 | X1: USFS_Acre_A6 | Y1: Other_Acre_A6 | Z1: total_acre_A6 | AA1: USFS_BDT_A1 | AB1: Other_BDT_A1 | AC1: Total_BDT_A1 | AD1: USFS_BDT_A2 | AE1: Other_BDT_A2 | AF1: Total_BDT_A2 | AG1: USFS_BDT_A3 | AH1: Other_BDT_A3 | AI1: Total_BDT_A3 | AJ1: USFS_BDT_A4 | AK1: Other_BDT_A4 | AL1: Total_BDT_A4 | AM1: USFS_BDT_A5 | AN1: Other_BDT_A5 | AO1: Total_BDT_A5 | AP1: USFS_BDT_A6 | AQ1: Other_BDT_A6 | AR1: Total_BDT_A6 | AS1: Total_BDT | AT1: USFS_co2i_A1 | AU1: Other_co2i_A1 | AV1: Total_co2i_A1 | AW1: USFS_co2i_A2 | AX1: Other_co2i_A2 | AY1: Total_co2i_A2 | AZ1: USFS_co2i_A3 | BA1: Other_co2i_A3 | BB1: Total_co2i_A3 | BC1: USFS_co2i_A4 | BD1: Other_co2i_A4 | BE1: Total_co2i_A4 | BF1: USFS_co2i_A5 | BG1: Other_co2i_A5 | BH1: Total_co2i_A5 | BI1: USFS_co2i_A6 | BJ1: Other_co2i_A6 | BK1: Total_co2i_A6 | BL1: Total_co2i | BM1: ni_bur_A1/MTCO2e | BN1: USFS_ni_A1 | BO1: Other_ni_A1 | BP1: Total_ni_A1 | BQ1: ni_bur_A2/MTCO2e | BR1: USFS_ni_A2 | BS1: Other_ni_A2 | BT1: Total_ni_A2 | BU1: ni_bur_A3/MTCO2e | BV1: USFS_ni_A3 | BW1: Other_ni_A3 | BX1: Total_ni_A3 | BY1: ni_bur_A4/MTCO2e | BZ1: USFS_ni_A4 | CA1: Other_ni_A4 | CB1: Total_ni_A4 | CC1: ni_bur_A5/MTCO2e | CD1: USFS_ni_A5 | CE1: Other_ni_A5 | CF1: Total_ni_A5 | CG1: ni_bur_A6/MTCO2e | CH1: USFS_ni_A6 | CI1: Other_ni_A6 | CJ1: Total_ni_A6 | CK1: Total_ni_burial | CL1: pile_burn_breakeven_rho_b | CM1: pile_burn_breakeven_rho_l | CN1: pile_burn_breakeven_rho_h | CO1: ni_pb_A1/MTCO2e | CP1: USFS_ni_A1 | CQ1: Other_ni_A1 | CR1: Total_ni_A1 | CS1: ni_pb_A2/MTCO2e | CT1: USFS_ni_A2 | CU1: Other_ni_A2 | CV1: Total_ni_A2 | CW1: ni_pb_A3/MTCO2e | CX1: USFS_ni_A3 | CY1: Other_ni_A3 | CZ1: Total_ni_A3 | DA1: ni_pb_A4/MTCO2e | DB1: USFS_ni_A4 | DC1: Other_ni_A4 | DD1: Total_ni_A4 | DE1: ni_pb_A5/MTCO2e | DF1: USFS_ni_A5 | DG1: Other_ni_A5 | DH1: Total_ni_A5 | DI1: ni_pb_A6/MTCO2e | DJ1: USFS_ni_A6 | DK1: Other_ni_A6 | DL1: Total_ni_A6 | DM1: Total_ni_pile_burn | DN1: ni_f_A1/MTCO2e | DO1: USFS_ni_A1 | DP1: Other_ni_A1 | DQ1: Total_ni_A1 | DR1: ni_f_A2/MTCO2e | DS1: USFS_ni_A2 | DT1: Other_ni_A2 | DU1: Total_ni_A2 | DV1: ni_f_A3/MTCO2e | DW1: USFS_ni_A3 | DX1: Other_ni_A3 | DY1: Total_ni_A3 | DZ1: ni_f_A4/MTCO2e | EA1: USFS_ni_A4 | EB1: Other_ni_A4 | EC1: Total_ni_A4 | ED1: ni_f_A5/MTCO2e | EE1: USFS_ni_A5 | EF1: Other_ni_A5 | EG1: Total_ni_A5 | EH1: ni_f_A6/MTCO2e | EI1: USFS_ni_A6 | EJ1: Other_ni_A6 | EK1: Total_ni_A6 | EL1: Total_ni_forestry_only | EM1: ni_bec_A1/MTCO2e | EN1: USFS_ni_A1 | EO1: Other_ni_A1 | EP1: Total_ni_A1 | EQ1: ni_bec_A2/MTCO2e | ER1: USFS_ni_A2 | ES1: Other_ni_A2 | ET1: Total_ni_A2 | EU1: ni_bec_A3/MTCO2e | EV1: USFS_ni_A3 | EW1: Other_ni_A3 | EX1: Total_ni_A3 | EY1: ni_bec_A4/MTCO2e | EZ1: USFS_ni_A4 | FA1: Other_ni_A4 | FB1: Total_ni_A4 | FC1: ni_bec_A5/MTCO2e | FD1: USFS_ni_A5 | FE1: Other_ni_A5 | FF1: Total_ni_A5 | FG1: ni_bec_A6/MTCO2e | FH1: USFS_ni_A6 | FI1: Other_ni_A6 | FJ1: Total_ni_A6 | FK1: Total_ni_beccs | FL1: ni_char_A1/MTCO2e | FM1: USFS_ni_A1 | FN1: Other_ni_A1 | FO1: Total_ni_A1 | FP1: ni_char_A2/MTCO2e | FQ1: USFS_ni_A2 | FR1: Other_ni_A2 | FS1: Total_ni_A2 | FT1: ni_char_A3/MTCO2e | FU1: USFS_ni_A3 | FV1: Other_ni_A3 | FW1: Total_ni_A3 | FX1: ni_char_A4/MTCO2e | FY1: USFS_ni_A4 | FZ1: Other_ni_A4 | GA1: Total_ni_A4 | GB1: ni_char_A5/MTCO2e | GC1: USFS_ni_A5 | GD1: Other_ni_A5 | GE1: Total_ni_A5 | GF1: ni_char_A6/MTCO2e | GG1: USFS_ni_A6 | GH1: Other_ni_A6 | GI1: Total_ni_A6 | GJ1: Total_ni_char
A2: Nevada | B2: Elko | C2: 51 | D2: 1 | E2: 168.9173 | F2: 0.78545938 | G2: 303.45157 | H2: 0.80084971 | I2: 11927.8 | J2: 14391.7 | K2: =IF(J2<>-999, I2+J2, I2) -> 26319.5 | L2: 1335.9 | M2: 1611.9 | N2: =IF(M2<>-999, L2+M2, L2) -> 2947.8 | O2: 11529.3 | P2: 13910.9 | Q2: =IF(P2<>-999, O2+P2, O2) -> 25440.2 | R2: 20648.1 | S2: 24913.4 | T2: =IF(S2<>-999, R2+S2, R2) -> 45561.5 | U2: 2312.6 | V2: 2790.4 | W2: =IF(V2<>-999, U2+V2, U2) -> 5103 | X2: 19958.4 | Y2: 24081.2 | Z2: =IF(Y2<>-999, X2+Y2, X2) -> 44039.6 | AA2: 91898.7 | AB2: 71834.4 | AC2: 163733.2 | AD2: 10292.9 | AE2: 8045.6 | AF2: 18338.5 | AG2: 88828.8 | AH2: 69434.8 | AI2: 158263.6 | AJ2: 159085.9 | AK2: 124352.5 | AL2: 283438.4 | AM2: 17818 | AN2: 13927.8 | AO2: 31745.8 | AP2: 153771.6 | AQ2: 120198.5 | AR2: 273970.1 | AS2: 929489.67 | AT2: =IF(AA2<>-999,AA2*0.5*3.67*0.907185, -999) -> 152982.34 | AU2: =IF(AB2<>-999,AB2*0.5*3.67*0.907185, -999) -> 119581.61 | AV2: =IF(AC2<>-999,AC2*0.5*3.67*0.907185, -999) -> 272564.12 | AW2: =IF(AD2<>-999,AD2*0.5*3.67*0.907185, -999) -> 17134.431 | AX2: =IF(AE2<>-999,AE2*0.5*3.67*0.907185, -999) -> 13393.385 | AY2: =IF(AF2<>-999,AF2*0.5*3.67*0.907185, -999) -> 30527.816 | AZ2: =IF(AG2<>-999,AG2*0.5*3.67*0.907185, -999) -> 147871.92 | BA2: =IF(AH2<>-999,AH2*0.5*3.67*0.907185, -999) -> 115587.03 | ... BL2: =IF(AS2<>-999,AS2*0.5*3.67*0.907185, -999) -> 1547307 | BM2: =-17.17-(0.1023*E2)+F2*(100-8.576-13.681) -> 26.613729 | BN2: =IF(AT2<>-999,AT2*$BM2, -999) -> 4071430.5 | BO2: =IF(AU2<>-999,AU2*$BM2, -999) -> 3182512.6 | BP2: =IF(AV2<>-999,AV2*$BM2, -999) -> 7253947.5 | BQ2: =-19.943-(0.1023*E2)+F2*(100-8.576-13.681) -> 23.840729 | BR2: =IF(AW2<>-999,AW2*$BQ2, -999) -> 408497.32 | BS2: =IF(AX2<>-999,AX2*$BQ2, -999) -> 319308.07 | BT2: =IF(AY2<>-999,AY2*$BQ2, -999) -> 727805.39 | BU2: =-25.871-(0.1023*E2)+F2*(100-8.576-13.681) -> 17.912729 | BV2: =IF(AZ2<>-999,AZ2*$BU2, -999) -> 2648789.7 | BW2: =IF(BA2<>-999,BA2*$BU2, -999) -> 2070479.2 | BX2: =IF(BB2<>-999,BB2*$BU2, -999) -> 4719268.9 | BY2: =-25.245-(0.1023*E2)+F2*(100-8.576-13.681) -> 18.538729 | BZ2: =IF(BC2<>-999,BC2*$BY2, -999) -> 4909571.3 | CA2: =IF(BD2<>-999,BD2*$BY2, -999) -> 3837659.2 | CB2: =IF(BE2<>-999,BE2*$BY2, -999) -> 8747230.5 | CC2: =-29.317-(0.1023*E2)+F2*(100-8.576-13.681) -> 14.466729 | CD2: =IF(BF2<>-999,BF2*$CC2, -999) -> 429102.68 | CE2: =IF(BG2<>-999,BG2*$CC2, -999) -> 335416.79 | CF2: =IF(BH2<>-999,BH2*$CC2, -999) -> 764519.46 | CG2: =-38.03-(0.1023*E2)+F2*(100-8.576-13.681) -> 5.7537289 | CH2: =IF(BI2<>-999,BI2*$CG2, -999) -> 1472846.4 | CI2: =IF(BJ2<>-999,BJ2*$CG2, -999) -> 1151278.4 | CJ2: =IF(BK2<>-999,BK2*$CG2, -999) -> 2624124.8 | CK2: =BP2+BT2+BX2+CB2+CF2+CJ2 -> 24836897 | CL2: =((-55.825+0.1023*$E2)/$F2)+8.576+13.681 -> -26.815888 | CM2: =((-10.38+0.1023*$E2)/$F2)+8.576+13.681 -> 31.041973 | CN2: =((-100.485+0.1023*$E2)/$F2)+8.576+13.681 -> -83.674335 | CO2: =-17.17-22.91 -> -40.08 | CP2: =IF(AT2<>-999,AT2*$CO2, -999) -> -6131532.2 | CQ2: =IF(AU2<>-999,AU2*$CO2, -999) -> -4792830.9 | CR2: =IF(AV2<>-999,AV2*$CO2, -999) -> -10924370 | CS2: =-19.943-22.91 -> -42.853 | CT2: =IF(AW2<>-999,AW2*$CS2, -999) -> -734261.76 | CU2: =IF(AX2<>-999,AX2*$CS2, -999) -> -573946.75 | CV2: =IF(AY2<>-999,AY2*$CS2, -999) -> -1308208.5 | CW2: =-25.871-22.91 -> -48.781 | CX2: =IF(AZ2<>-999,AZ2*$CO2, -999) -> -5926706.7 | CY2: =IF(BA2<>-999,BA2*$CO2, -999) -> -4632728.3 | CZ2: =IF(BB2<>-999,BB2*$CO2, -999) -> -10559435 | DA2: =-25.245-22.91 -> -48.155 | DB2: =IF(BC2<>-999,BC2*$DA2, -999) -> -12752784 | DC2: =IF(BD2<>-999,BD2*$DA2, -999) -> -9968454.6 | DD2: =IF(BE2<>-999,BE2*$DA2, -999) -> -22721239 | DE2: =-29.317-22.91 -> -52.227 | DF2: =IF(BF2<>-999,BF2*$DE2, -999) -> -1549123.2 | DG2: =IF(BG2<>-999,BG2*$DE2, -999) -> -1210903.5 | DH2: =IF(BH2<>-999,BH2*$DE2, -999) -> -2760026.7 | DI2: =-38.03-22.91 -> -60.94 | DJ2: =IF(BI2<>-999,BI2*$DI2, -999) -> -15599494 | DK2: =IF(BJ2<>-999,BJ2*$DI2, -999) -> -12193642 | DL2: =IF(BK2<>-999,BK2*$DI2, -999) -> -27793136 | DM2: =CR2+CV2+CZ2+DD2+DH2+DL2 -> -76066414 | DN2: =-17.17 -> -17.17 | DO2: =IF(AT2<>-999,AT2*$DN2, -999) -> -2626706.8 | DP2: =IF(AU2<>-999,AU2*$DN2, -999) -> -2053216.3 | DQ2: =IF(AV2<>-999,AV2*$DN2, -999) -> -4679925.9 | DR2: =-19.943 -> -19.943 | DS2: =IF(AW2<>-999,AW2*$DR2, -999) -> -341711.95 | DT2: =IF(AX2<>-999,AX2*$DR2, -999) -> -267104.29 | DU2: =IF(AY2<>-999,AY2*$DR2, -999) -> -608816.24 | DV2: =-25.871 -> -25.871 | DW2: =IF(AZ2<>-999,AZ2*$DV2, -999) -> -3825594.6 | DX2: =IF(BA2<>-999,BA2*$DV2, -999) -> -2990352.1 | DY2: =IF(BB2<>-999,BB2*$DV2, -999) -> -6815946.7 | DZ2: =-25.245 -> -25.245 | EA2: =IF(BC2<>-999, BC2*$DZ2, -999) -> -6685578.5 | EB2: =IF(BD2<>-999, BD2*$DZ2, -999) -> -5225908.8 | EC2: =IF(BE2<>-999, BE2*$DZ2, -999) -> -11911487 | ED2: =-29.317 -> -29.317 | EE2: =IF(BF2<>-999,BF2*$ED2, -999) -> -869581.74 | EF2: =IF(BG2<>-999,BG2*$ED2, -999) -> -679726.15 | EG2: =IF(BH2<>-999,BH2*$ED2, -999) -> -1549307.9 | EH2: =-38.03 -> -38.03 | EI2: =IF(BI2<>-999,BI2*$EH2, -999) -> -9734964.9 | EJ2: =IF(BJ2<>-999,BJ2*$EH2, -999) -> -7609520.7 | EK2: =IF(BK2<>-999,BK2*$EH2, -999) -> -17344486 | EL2: =DQ2+DU2+DY2+EC2+EG2+EK2 -> -42909970 | EM2: =-17.17-(0.1023*G2)+H2*(100+102.093-66.644-64.243) -> 8.8122089 | EN2: =IF(AT2<>-999,AT2*$EM2, -999) -> 1348112.3 | EO2: =IF(AU2<>-999,AU2*$EM2, -999) -> 1053778.1 | EP2: =IF(AV2<>-999,AV2*$EM2, -999) -> 2401891.9 | EQ2: =-19.943-(0.1023*G2)+H2*(100+102.093-66.644-64.243) -> 6.0392089 | ER2: =IF(AW2<>-999,AW2*$EQ2, -999) -> 103478.41 | ES2: =IF(AX2<>-999,AX2*$EQ2, -999) -> 80885.452 | ET2: =IF(AY2<>-999,AY2*$EQ2, -999) -> 184363.86 | EU2: =-25.871-(0.1023*G2)+H2*(100+102.093-66.644-64.243) -> 0.1112089 | EV2: =IF(AZ2<>-999,AZ2*$EU2, -999) -> 16444.674 | EW2: =IF(BA2<>-999,BA2*$EU2, -999) -> 12854.307 | EX2: =IF(BB2<>-999,BB2*$EU2, -999) -> 29298.982 | EY2: =-25.245-(0.1023*G2)+H2*(100+102.093-66.644-64.243) -> 0.7372089 | EZ2: =IF(BC2<>-999, BC2*$EY2, -999) -> 195233.43 | FA2: =IF(BD2<>-999, BD2*$EY2, -999) -> 152607.9 | FB2: =IF(BE2<>-999, BE2*$EY2, -999) -> 347841.33 | FC2: =-29.317-(0.1023*G2)+H2*(100+102.093-66.644-64.243) -> -3.3347911 | FD2: =IF(BF2<>-999,BF2*$FC2, -999) -> -98914.399 | FE2: =IF(BG2<>-999,BG2*$FC2, -999) -> -77318.44 | FF2: =IF(BH2<>-999,BH2*$FC2, -999) -> -176232.84 | FG2: =-38.03-(0.1023*G2)+H2*(100+102.093-66.644-64.243) -> -12.047791 | FH2: =IF(BI2<>-999,BI2*$FG2, -999) -> -3084008 | FI2: =IF(BJ2<>-999,BJ2*$FG2, -999) -> -2410673.6 | FJ2: =IF(BK2<>-999,BK2*$FG2, -999) -> -5494681.5 | FK2: =EP2+ET2+EX2+FB2+FF2+FJ2 -> -2707518.3 | FL2: =-17.17+0.435*(100+83.36-27.092-93.78) -> 10.01228 | FM2: =IF(AT2<>-999,AT2*$FL2, -999) -> 1531702 | FN2: =IF(AU2<>-999,AU2*$FL2, -999) -> 1197284.6 | FO2: =IF(AV2<>-999,AV2*$FL2, -999) -> 2728988.2 | FP2: =-19.943+0.435*(100+83.36-27.092-93.78) -> 7.23928 | FQ2: =IF(AW2<>-999,AW2*$FP2, -999) -> 124040.94 | FR2: =IF(AX2<>-999,AX2*$FP2, -999) -> 96958.467 | FS2: =IF(AY2<>-999,AY2*$FP2, -999) -> 220999.41 | FT2: =-25.871+0.435*(100+83.36-27.092-93.78) -> 1.31128 | FU2: =IF(AZ2<>-999,AZ2*$FT2, -999) -> 193901.5 | FV2: =IF(BA2<>-999,BA2*$FT2, -999) -> 151566.97 | FW2: =IF(BB2<>-999,BB2*$FT2, -999) -> 345468.46 | FX2: =-25.245+0.435*(100+83.36-27.092-93.78) -> 1.93728 | FY2: =IF(BC2<>-999, BC2*$FX2, -999) -> 513045.65 | FZ2: =IF(BD2<>-999, BD2*$FX2, -999) -> 401031.83 | GA2: =IF(BE2<>-999, BE2*$FX2, -999) -> 914077.49 | GB2: =-29.317+0.435*(100+83.36-27.092-93.78) -> -2.13472 | GC2: =IF(BF2<>-999,BF2*$GB2, -999) -> -63318.673 | GD2: =IF(BG2<>-999,BG2*$GB2, -999) -> -49494.321 | GE2: =IF(BH2<>-999,BH2*$GB2, -999) -> -112812.99 | GF2: =-38.03+0.435*(100+83.36-27.092-93.78) -> -10.84772 | GG2: =IF(BI2<>-999,BI2*$GF2, -999) -> -2776812.3 | GH2: =IF(BJ2<>-999,BJ2*$GF2, -999) -> -2170548.2 | GI2: =IF(BK2<>-999,BK2*$GF2, -999) -> -4947360.6 | GJ2: =FO2+FS2+FW2+GA2+GE2+GI2 -> -850639.97
A3: California | B3: Mariposa | C3: 125 | D3: 0.996 | E3: 268.86479 | F3: 0.77833747 | G3: 69.855029 | H3: 0.81849499 | I3: 205307.2 | J3: 50284.8 | K3: =IF(J3<>-999, I3+J3, I3) -> 255592 | L3: 102281 | M3: 25051.2 | N3: =IF(M3<>-999, L3+M3, L3) -> 127332.2 | O3: 177452.4 | P3: 43462.5 | Q3: =IF(P3<>-999, O3+P3, O3) -> 220914.9 | R3: 216090.2 | S3: 52925.9 | T3: =IF(S3<>-999, R3+S3, R3) -> 269016.1 | U3: 107652.9 | V3: 26366.9 | W3: =IF(V3<>-999, U3+V3, U3) -> 134019.8 | X3: 186772.4 | Y3: 45745.2 | Z3: =IF(Y3<>-999, X3+Y3, X3) -> 232517.6 | AA3: 2786631.7 | AB3: 409620.4 | AC3: 3196252.1 | AD3: 1388258.5 | AE3: 204066.8 | AF3: 1592325.3 | AG3: 2408558.9 | AH3: 354045.7 | AI3: 2762604.6 | AJ3: 2932989.4 | AK3: 431134.3 | AL3: 3364123.6 | AM3: 1461171.7 | AN3: 214784.7 | AO3: 1675956.4 | AP3: 2535059.7 | AQ3: 372640.7 | AR3: 2907700.4 | AS3: 15498962 | AT3: =IF(AA3<>-999,AA3*0.5*3.67*0.907185, -999) -> 4638862.5 | AU3: =IF(AB3<>-999,AB3*0.5*3.67*0.907185, -999) -> 681888.72 | AV3: =IF(AC3<>-999,AC3*0.5*3.67*0.907185, -999) -> 5320751.2 | AW3: =IF(AD3<>-999,AD3*0.5*3.67*0.907185, -999) -> 2311012.4 | AX3: =IF(AE3<>-999,AE3*0.5*3.67*0.907185, -999) -> 339706.83 | AY3: =IF(AF3<>-999,AF3*0.5*3.67*0.907185, -999) -> 2650719.2 | AZ3: =IF(AG3<>-999,AG3*0.5*3.67*0.907185, -999) -> 4009490.6 | BA3: =IF(AH3<>-999,AH3*0.5*3.67*0.907185, -999) -> 589374.38 | ... BL3: =IF(AS3<>-999,AS3*0.5*3.67*0.907185, -999) -> 25800882 | BM3: =-17.17-(0.1023*E3)+F3*(100-8.576-13.681) -> 15.835422 | BN3: =IF(AT3<>-999,AT3*$BM3, -999) -> 73458346 | BO3: =IF(AU3<>-999,AU3*$BM3, -999) -> 10797996 | BP3: =IF(AV3<>-999,AV3*$BM3, -999) -> 84256341 | BQ3: =-19.943-(0.1023*E3)+F3*(100-8.576-13.681) -> 13.062422 | BR3: =IF(AW3<>-999,AW3*$BQ3, -999) -> 30187419 | BS3: =IF(AX3<>-999,AX3*$BQ3, -999) -> 4437394 | BT3: =IF(AY3<>-999,AY3*$BQ3, -999) -> 34624813 | BU3: =-25.871-(0.1023*E3)+F3*(100-8.576-13.681) -> 7.134422 | BV3: =IF(AZ3<>-999,AZ3*$BU3, -999) -> 28605398 | BW3: =IF(BA3<>-999,BA3*$BU3, -999) -> 4204845.5 | BX3: =IF(BB3<>-999,BB3*$BU3, -999) -> 32810244 | BY3: =-25.245-(0.1023*E3)+F3*(100-8.576-13.681) -> 7.760422 | BZ3: =IF(BC3<>-999,BC3*$BY3, -999) -> 37890275 | CA3: =IF(BD3<>-999,BD3*$BY3, -999) -> 5569674.9 | CB3: =IF(BE3<>-999,BE3*$BY3, -999) -> 43459949 | CC3: =-29.317-(0.1023*E3)+F3*(100-8.576-13.681) -> 3.688422 | CD3: =IF(BF3<>-999,BF3*$CC3, -999) -> 8971680.2 | CE3: =IF(BG3<>-999,BG3*$CC3, -999) -> 1318790.7 | CF3: =IF(BH3<>-999,BH3*$CC3, -999) -> 10290471 | CG3: =-38.03-(0.1023*E3)+F3*(100-8.576-13.681) -> -5.024578 | CH3: =IF(BI3<>-999,BI3*$CG3, -999) -> -21204094 | CI3: =IF(BJ3<>-999,BJ3*$CG3, -999) -> -3116892.4 | CJ3: =IF(BK3<>-999,BK3*$CG3, -999) -> -24320986 | CK3: =BP3+BT3+BX3+CB3+CF3+CJ3 -> 1.8112083e+08 | CL3: =((-55.825+0.1023*$E3)/$F3)+8.576+13.681 -> -14.128415 | CM3: =((-10.38+0.1023*$E3)/$F3)+8.576+13.681 -> 44.258855 | CN3: =((-100.485+0.1023*$E3)/$F3)+8.576+13.681 -> -71.507125 | CO3: =-17.17-22.91 -> -40.08 | CP3: =IF(AT3<>-999,AT3*$CO3, -999) -> -1.8592561e+08 | CQ3: =IF(AU3<>-999,AU3*$CO3, -999) -> -27330100 | CR3: =IF(AV3<>-999,AV3*$CO3, -999) -> -2.1325571e+08 | CS3: =-19.943-22.91 -> -42.853 | CT3: =IF(AW3<>-999,AW3*$CS3, -999) -> -99033813 | CU3: =IF(AX3<>-999,AX3*$CS3, -999) -> -14557457 | CV3: =IF(AY3<>-999,AY3*$CS3, -999) -> -1.1359127e+08 | CW3: =-25.871-22.91 -> -48.781 | CX3: =IF(AZ3<>-999,AZ3*$CO3, -999) -> -1.6070038e+08 | CY3: =IF(BA3<>-999,BA3*$CO3, -999) -> -23622125 | CZ3: =IF(BB3<>-999,BB3*$CO3, -999) -> -1.8432251e+08 | DA3: =-25.245-22.91 -> -48.155 | DB3: =IF(BC3<>-999,BC3*$DA3, -999) -> -2.3511688e+08 | DC3: =IF(BD3<>-999,BD3*$DA3, -999) -> -34560968 | DD3: =IF(BE3<>-999,BE3*$DA3, -999) -> -2.6967784e+08 | DE3: =-29.317-22.91 -> -52.227 | DF3: =IF(BF3<>-999,BF3*$DE3, -999) -> -1.2703642e+08 | DG3: =IF(BG3<>-999,BG3*$DE3, -999) -> -18673699 | DH3: =IF(BH3<>-999,BH3*$DE3, -999) -> -1.4571012e+08 | DI3: =-38.03-22.91 -> -60.94 | DJ3: =IF(BI3<>-999,BI3*$DI3, -999) -> -2.5717134e+08 | DK3: =IF(BJ3<>-999,BJ3*$DI3, -999) -> -37802861 | DL3: =IF(BK3<>-999,BK3*$DI3, -999) -> -2.949742e+08 | DM3: =CR3+CV3+CZ3+DD3+DH3+DL3 -> -1.2215317e+09 | DN3: =-17.17 -> -17.17 | DO3: =IF(AT3<>-999,AT3*$DN3, -999) -> -79649270 | DP3: =IF(AU3<>-999,AU3*$DN3, -999) -> -11708029 | DQ3: =IF(AV3<>-999,AV3*$DN3, -999) -> -91357299 | DR3: =-19.943 -> -19.943 | DS3: =IF(AW3<>-999,AW3*$DR3, -999) -> -46088520 | DT3: =IF(AX3<>-999,AX3*$DR3, -999) -> -6774773.4 | DU3: =IF(AY3<>-999,AY3*$DR3, -999) -> -52863293 | DV3: =-25.871 -> -25.871 | DW3: =IF(AZ3<>-999,AZ3*$DV3, -999) -> -1.0372953e+08 | DX3: =IF(BA3<>-999,BA3*$DV3, -999) -> -15247705 | DY3: =IF(BB3<>-999,BB3*$DV3, -999) -> -1.1897724e+08 | DZ3: =-25.245 -> -25.245 | EA3: =IF(BC3<>-999, BC3*$DZ3, -999) -> -1.2325876e+08 | EB3: =IF(BD3<>-999, BD3*$DZ3, -999) -> -18118402 | EC3: =IF(BE3<>-999, BE3*$DZ3, -999) -> -1.4137716e+08 | ED3: =-29.317 -> -29.317 | EE3: =IF(BF3<>-999,BF3*$ED3, -999) -> -71310373 | EF3: =IF(BG3<>-999,BG3*$ED3, -999) -> -10482257 | EG3: =IF(BH3<>-999,BH3*$ED3, -999) -> -81792630 | EH3: =-38.03 -> -38.03 | EI3: =IF(BI3<>-999,BI3*$EH3, -999) -> -1.6048943e+08 | EJ3: =IF(BJ3<>-999,BJ3*$EH3, -999) -> -23591119 | EK3: =IF(BK3<>-999,BK3*$EH3, -999) -> -1.8408055e+08 | EL3: =DQ3+DU3+DY3+EC3+EG3+EK3 -> -6.7044817e+08 | EM3: =-17.17-(0.1023*G3)+H3*(100+102.093-66.644-64.243) -> 33.965585 | EN3: =IF(AT3<>-999,AT3*$EM3, -999) -> 1.5756168e+08 | EO3: =IF(AU3<>-999,AU3*$EM3, -999) -> 23160749 | EP3: =IF(AV3<>-999,AV3*$EM3, -999) -> 1.8072243e+08 | EQ3: =-19.943-(0.1023*G3)+H3*(100+102.093-66.644-64.243) -> 31.192585 | ER3: =IF(AW3<>-999,AW3*$EQ3, -999) -> 72086449 | ES3: =IF(AX3<>-999,AX3*$EQ3, -999) -> 10596334 | ET3: =IF(AY3<>-999,AY3*$EQ3, -999) -> 82682784 | EU3: =-25.871-(0.1023*G3)+H3*(100+102.093-66.644-64.243) -> 25.264585 | EV3: =IF(AZ3<>-999,AZ3*$EU3, -999) -> 1.0129812e+08 | EW3: =IF(BA3<>-999,BA3*$EU3, -999) -> 14890299 | EX3: =IF(BB3<>-999,BB3*$EU3, -999) -> 1.1618841e+08 | EY3: =-25.245-(0.1023*G3)+H3*(100+102.093-66.644-64.243) -> 25.890585 | EZ3: =IF(BC3<>-999, BC3*$EY3, -999) -> 1.2641083e+08 | FA3: =IF(BD3<>-999, BD3*$EY3, -999) -> 18581739 | FB3: =IF(BE3<>-999, BE3*$EY3, -999) -> 1.4499256e+08 | FC3: =-29.317-(0.1023*G3)+H3*(100+102.093-66.644-64.243) -> 21.818585 | FD3: =IF(BF3<>-999,BF3*$FC3, -999) -> 53071304 | FE3: =IF(BG3<>-999,BG3*$FC3, -999) -> 7801207.8 | FF3: =IF(BH3<>-999,BH3*$FC3, -999) -> 60872512 | FG3: =-38.03-(0.1023*G3)+H3*(100+102.093-66.644-64.243) -> 13.105585 | FH3: =IF(BI3<>-999,BI3*$FG3, -999) -> 55306544 | FI3: =IF(BJ3<>-999,BJ3*$FG3, -999) -> 8129776.8 | FJ3: =IF(BK3<>-999,BK3*$FG3, -999) -> 63436321 | FK3: =EP3+ET3+EX3+FB3+FF3+FJ3 -> 6.4889502e+08 | FL3: =-17.17+0.435*(100+83.36-27.092-93.78) -> 10.01228 | FM3: =IF(AT3<>-999,AT3*$FL3, -999) -> 46445591 | FN3: =IF(AU3<>-999,AU3*$FL3, -999) -> 6827260.8 | FO3: =IF(AV3<>-999,AV3*$FL3, -999) -> 53272851 | FP3: =-19.943+0.435*(100+83.36-27.092-93.78) -> 7.23928 | FQ3: =IF(AW3<>-999,AW3*$FP3, -999) -> 16730066 | FR3: =IF(AX3<>-999,AX3*$FP3, -999) -> 2459232.9 | FS3: =IF(AY3<>-999,AY3*$FP3, -999) -> 19189299 | FT3: =-25.871+0.435*(100+83.36-27.092-93.78) -> 1.31128 | FU3: =IF(AZ3<>-999,AZ3*$FT3, -999) -> 5257564.8 | FV3: =IF(BA3<>-999,BA3*$FT3, -999) -> 772834.84 | FW3: =IF(BB3<>-999,BB3*$FT3, -999) -> 6030399.7 | FX3: =-25.245+0.435*(100+83.36-27.092-93.78) -> 1.93728 | FY3: =IF(BC3<>-999, BC3*$FX3, -999) -> 9458773.3 | FZ3: =IF(BD3<>-999, BD3*$FX3, -999) -> 1390390.8 | GA3: =IF(BE3<>-999, BE3*$FX3, -999) -> 10849164 | GB3: =-29.317+0.435*(100+83.36-27.092-93.78) -> -2.13472 | GC3: =IF(BF3<>-999,BF3*$GB3, -999) -> -5192471.2 | GD3: =IF(BG3<>-999,BG3*$GB3, -999) -> -763266.48 | GE3: =IF(BH3<>-999,BH3*$GB3, -999) -> -5955737.7 | GF3: =-38.03+0.435*(100+83.36-27.092-93.78) -> -10.84772 | GG3: =IF(BI3<>-999,BI3*$GF3, -999) -> -45778187 | GH3: =IF(BJ3<>-999,BJ3*$GF3, -999) -> -6729157.3 | GI3: =IF(BK3<>-999,BK3*$GF3, -999) -> -52507344 | GJ3: =FO3+FS3+FW3+GA3+GE3+GI3 -> 30878631
A4: California | B4: Calaveras | C4: 130 | D4: 0.995 | E4: 212.82786 | F4: 0.78156643 | G4: 55.152122 | H4: 0.81927917 | I4: 23812.7 | J4: 11102.2 | K4: =IF(J4<>-999, I4+J4, I4) -> 34914.9 | L4: 4390.9 | M4: 2047.2 | N4: =IF(M4<>-999, L4+M4, L4) -> 6438.1 | O4: 44836.6 | P4: 20904.1 | Q4: =IF(P4<>-999, O4+P4, O4) -> 65740.7 | R4: 13012.3 | S4: 6066.7 | T4: =IF(S4<>-999, R4+S4, R4) -> 19079 | U4: 2399.4 | V4: 1118.7 | W4: =IF(V4<>-999, U4+V4, U4) -> 3518.1 | X4: 24500.6 | Y4: 11422.9 | Z4: =IF(Y4<>-999, X4+Y4, X4) -> 35923.5 | AA4: 190204.5 | AB4: 59673.4 | AC4: 249878 | AD4: 35072.5 | AE4: 11003.4 | AF4: 46075.9 | AG4: 358133.5 | AH4: 112358.3 | AI4: 470491.9 | AJ4: 103935.9 | AK4: 32608.1 | AL4: 136544 | AM4: 19165.1 | AN4: 6012.7 | AO4: 25177.8 | AP4: 195699.4 | AQ4: 61397.4 | AR4: 257096.8 | AS4: 1185264.4 | AT4: =IF(AA4<>-999,AA4*0.5*3.67*0.907185, -999) -> 316630.48 | AU4: =IF(AB4<>-999,AB4*0.5*3.67*0.907185, -999) -> 99337.383 | AV4: =IF(AC4<>-999,AC4*0.5*3.67*0.907185, -999) -> 415968.03 | AW4: =IF(AD4<>-999,AD4*0.5*3.67*0.907185, -999) -> 58384.646 | AX4: =IF(AE4<>-999,AE4*0.5*3.67*0.907185, -999) -> 18317.189 | AY4: =IF(AF4<>-999,AF4*0.5*3.67*0.907185, -999) -> 76701.835 | AZ4: =IF(AG4<>-999,AG4*0.5*3.67*0.907185, -999) -> 596179.28 | BA4: =IF(AH4<>-999,AH4*0.5*3.67*0.907185, -999) -> 187041.12 | ... BL4: =IF(AS4<>-999,AS4*0.5*3.67*0.907185, -999) -> 1973091.2 | BM4: =-17.17-(0.1023*E4)+F4*(100-8.576-13.681) -> 21.819028 | BN4: =IF(AT4<>-999,AT4*$BM4, -999) -> 6908569.4 | BO4: =IF(AU4<>-999,AU4*$BM4, -999) -> 2167445.2 | BP4: =IF(AV4<>-999,AV4*$BM4, -999) -> 9076018.2 | BQ4: =-19.943-(0.1023*E4)+F4*(100-8.576-13.681) -> 19.046028 | BR4: =IF(AW4<>-999,AW4*$BQ4, -999) -> 1111995.6 | BS4: =IF(AX4<>-999,AX4*$BQ4, -999) -> 348869.7 | BT4: =IF(AY4<>-999,AY4*$BQ4, -999) -> 1460865.3 | BU4: =-25.871-(0.1023*E4)+F4*(100-8.576-13.681) -> 13.118028 | BV4: =IF(AZ4<>-999,AZ4*$BU4, -999) -> 7820696.7 | BW4: =IF(BA4<>-999,BA4*$BU4, -999) -> 2453610.7 | BX4: =IF(BB4<>-999,BB4*$BU4, -999) -> 10274310 | BY4: =-25.245-(0.1023*E4)+F4*(100-8.576-13.681) -> 13.744028 | BZ4: =IF(BC4<>-999,BC4*$BY4, -999) -> 2377998.4 | CA4: =IF(BD4<>-999,BD4*$BY4, -999) -> 746056.07 | CB4: =IF(BE4<>-999,BE4*$BY4, -999) -> 3124054.4 | CC4: =-29.317-(0.1023*E4)+F4*(100-8.576-13.681) -> 9.6720284 | CD4: =IF(BF4<>-999,BF4*$CC4, -999) -> 308574.89 | CE4: =IF(BG4<>-999,BG4*$CC4, -999) -> 96809.734 | CF4: =IF(BH4<>-999,BH4*$CC4, -999) -> 405384.62 | CG4: =-38.03-(0.1023*E4)+F4*(100-8.576-13.681) -> 0.95902836 | CH4: =IF(BI4<>-999,BI4*$CG4, -999) -> 312430.1 | CI4: =IF(BJ4<>-999,BJ4*$CG4, -999) -> 98019.698 | CJ4: =IF(BK4<>-999,BK4*$CG4, -999) -> 410449.8 | CK4: =BP4+BT4+BX4+CB4+CF4+CJ4 -> 24751082 | CL4: =((-55.825+0.1023*$E4)/$F4)+8.576+13.681 -> -21.312821 | CM4: =((-10.38+0.1023*$E4)/$F4)+8.576+13.681 -> 36.833228 | CN4: =((-100.485+0.1023*$E4)/$F4)+8.576+13.681 -> -78.454477 | CO4: =-17.17-22.91 -> -40.08 | CP4: =IF(AT4<>-999,AT4*$CO4, -999) -> -12690550 | CQ4: =IF(AU4<>-999,AU4*$CO4, -999) -> -3981442.3 | CR4: =IF(AV4<>-999,AV4*$CO4, -999) -> -16671999 | CS4: =-19.943-22.91 -> -42.853 | CT4: =IF(AW4<>-999,AW4*$CS4, -999) -> -2501957.2 | CU4: =IF(AX4<>-999,AX4*$CS4, -999) -> -784946.51 | CV4: =IF(AY4<>-999,AY4*$CS4, -999) -> -3286903.8 | CW4: =-25.871-22.91 -> -48.781 | CX4: =IF(AZ4<>-999,AZ4*$CO4, -999) -> -23894865 | CY4: =IF(BA4<>-999,BA4*$CO4, -999) -> -7496608 | CZ4: =IF(BB4<>-999,BB4*$CO4, -999) -> -31391480 | DA4: =-25.245-22.91 -> -48.155 | DB4: =IF(BC4<>-999,BC4*$DA4, -999) -> -8331801.2 | DC4: =IF(BD4<>-999,BD4*$DA4, -999) -> -2613959.2 | DD4: =IF(BE4<>-999,BE4*$DA4, -999) -> -10945760 | DE4: =-29.317-22.91 -> -52.227 | DF4: =IF(BF4<>-999,BF4*$DE4, -999) -> -1666242.1 | DG4: =IF(BG4<>-999,BG4*$DE4, -999) -> -522753.01 | DH4: =IF(BH4<>-999,BH4*$DE4, -999) -> -2188995.1 | DI4: =-38.03-22.91 -> -60.94 | DJ4: =IF(BI4<>-999,BI4*$DI4, -999) -> -19852896 | DK4: =IF(BJ4<>-999,BJ4*$DI4, -999) -> -6228512.8 | DL4: =IF(BK4<>-999,BK4*$DI4, -999) -> -26081409 | DM4: =CR4+CV4+CZ4+DD4+DH4+DL4 -> -90566547 | DN4: =-17.17 -> -17.17 | DO4: =IF(AT4<>-999,AT4*$DN4, -999) -> -5436545.3 | DP4: =IF(AU4<>-999,AU4*$DN4, -999) -> -1705622.9 | DQ4: =IF(AV4<>-999,AV4*$DN4, -999) -> -7142171 | DR4: =-19.943 -> -19.943 | DS4: =IF(AW4<>-999,AW4*$DR4, -999) -> -1164365 | DT4: =IF(AX4<>-999,AX4*$DR4, -999) -> -365299.7 | DU4: =IF(AY4<>-999,AY4*$DR4, -999) -> -1529664.7 | DV4: =-25.871 -> -25.871 | DW4: =IF(AZ4<>-999,AZ4*$DV4, -999) -> -15423754 | DX4: =IF(BA4<>-999,BA4*$DV4, -999) -> -4838940.8 | DY4: =IF(BB4<>-999,BB4*$DV4, -999) -> -20262699 | DZ4: =-25.245 -> -25.245 | EA4: =IF(BC4<>-999, BC4*$DZ4, -999) -> -4367902 | EB4: =IF(BD4<>-999, BD4*$DZ4, -999) -> -1370354.1 | EC4: =IF(BE4<>-999, BE4*$DZ4, -999) -> -5738256.1 | ED4: =-29.317 -> -29.317 | EE4: =IF(BF4<>-999,BF4*$ED4, -999) -> -935325.01 | EF4: =IF(BG4<>-999,BG4*$ED4, -999) -> -293441.13 | EG4: =IF(BH4<>-999,BH4*$ED4, -999) -> -1228766.1 | EH4: =-38.03 -> -38.03 | EI4: =IF(BI4<>-999,BI4*$EH4, -999) -> -12389328 | EJ4: =IF(BJ4<>-999,BJ4*$EH4, -999) -> -3886943.6 | EK4: =IF(BK4<>-999,BK4*$EH4, -999) -> -16276272 | EL4: =DQ4+DU4+DY4+EC4+EG4+EK4 -> -52177829 | EM4: =-17.17-(0.1023*G4)+H4*(100+102.093-66.644-64.243) -> 35.52553 | EN4: =IF(AT4<>-999,AT4*$EM4, -999) -> 11248466 | EO4: =IF(AU4<>-999,AU4*$EM4, -999) -> 3529013.2 | EP4: =IF(AV4<>-999,AV4*$EM4, -999) -> 14777485 | EQ4: =-19.943-(0.1023*G4)+H4*(100+102.093-66.644-64.243) -> 32.75253 | ER4: =IF(AW4<>-999,AW4*$EQ4, -999) -> 1912244.9 | ES4: =IF(AX4<>-999,AX4*$EQ4, -999) -> 599934.29 | ET4: =IF(AY4<>-999,AY4*$EQ4, -999) -> 2512179.2 | EU4: =-25.871-(0.1023*G4)+H4*(100+102.093-66.644-64.243) -> 26.82453 | EV4: =IF(AZ4<>-999,AZ4*$EU4, -999) -> 15992229 | EW4: =IF(BA4<>-999,BA4*$EU4, -999) -> 5017290.1 | EX4: =IF(BB4<>-999,BB4*$EU4, -999) -> 21009524 | EY4: =-25.245-(0.1023*G4)+H4*(100+102.093-66.644-64.243) -> 27.45053 | EZ4: =IF(BC4<>-999, BC4*$EY4, -999) -> 4749503.9 | FA4: =IF(BD4<>-999, BD4*$EY4, -999) -> 1490075.1 | FB4: =IF(BE4<>-999, BE4*$EY4, -999) -> 6239579 | FC4: =-29.317-(0.1023*G4)+H4*(100+102.093-66.644-64.243) -> 23.37853 | FD4: =IF(BF4<>-999,BF4*$FC4, -999) -> 745865 | FE4: =IF(BG4<>-999,BG4*$FC4, -999) -> 234001.52 | FF4: =IF(BH4<>-999,BH4*$FC4, -999) -> 979866.51 | FG4: =-38.03-(0.1023*G4)+H4*(100+102.093-66.644-64.243) -> 14.66553 | FH4: =IF(BI4<>-999,BI4*$FG4, -999) -> 4777703.5 | FI4: =IF(BJ4<>-999,BJ4*$FG4, -999) -> 1498924.2 | FJ4: =IF(BK4<>-999,BK4*$FG4, -999) -> 6276627.8 | FK4: =EP4+ET4+EX4+FB4+FF4+FJ4 -> 51795261 | FL4: =-17.17+0.435*(100+83.36-27.092-93.78) -> 10.01228 | FM4: =IF(AT4<>-999,AT4*$FL4, -999) -> 3170193 | FN4: =IF(AU4<>-999,AU4*$FL4, -999) -> 994593.69 | FO4: =IF(AV4<>-999,AV4*$FL4, -999) -> 4164788.4 | FP4: =-19.943+0.435*(100+83.36-27.092-93.78) -> 7.23928 | FQ4: =IF(AW4<>-999,AW4*$FP4, -999) -> 422662.8 | FR4: =IF(AX4<>-999,AX4*$FP4, -999) -> 132603.26 | FS4: =IF(AY4<>-999,AY4*$FP4, -999) -> 555266.06 | FT4: =-25.871+0.435*(100+83.36-27.092-93.78) -> 1.31128 | FU4: =IF(AZ4<>-999,AZ4*$FT4, -999) -> 781757.96 | FV4: =IF(BA4<>-999,BA4*$FT4, -999) -> 245263.28 | FW4: =IF(BB4<>-999,BB4*$FT4, -999) -> 1027021.5 | FX4: =-25.245+0.435*(100+83.36-27.092-93.78) -> 1.93728 | FY4: =IF(BC4<>-999, BC4*$FX4, -999) -> 335189.11 | FZ4: =IF(BD4<>-999, BD4*$FX4, -999) -> 105159.82 | GA4: =IF(BE4<>-999, BE4*$FX4, -999) -> 440348.93 | GB4: =-29.317+0.435*(100+83.36-27.092-93.78) -> -2.13472 | GC4: =IF(BF4<>-999,BF4*$GB4, -999) -> -68105.775 | GD4: =IF(BG4<>-999,BG4*$GB4, -999) -> -21366.943 | GE4: =IF(BH4<>-999,BH4*$GB4, -999) -> -89472.717 | GF4: =-38.03+0.435*(100+83.36-27.092-93.78) -> -10.84772 | GG4: =IF(BI4<>-999,BI4*$GF4, -999) -> -3533945.8 | GH4: =IF(BJ4<>-999,BJ4*$GF4, -999) -> -1108716.2 | GI4: =IF(BK4<>-999,BK4*$GF4, -999) -> -4642662 | GJ4: =FO4+FS4+FW4+GA4+GE4+GI4 -> 1455290.1
A5: California | B5: Tuolumne | C5: 146 | D5: 0.995 | E5: 242.06726 | F5: 0.78017396 | G5: 117.42988 | H5: 0.81487387 | I5: 12286.6 | J5: 24478.8 | K5: =IF(J5<>-999, I5+J5, I5) -> 36765.4 | L5: 3698.3 | M5: 7368.1 | N5: =IF(M5<>-999, L5+M5, L5) -> 11066.4 | O5: 14329.8 | P5: 28549.5 | Q5: =IF(P5<>-999, O5+P5, O5) -> 42879.3 | R5: 24730.1 | S5: 49270.1 | T5: =IF(S5<>-999, R5+S5, R5) -> 74000.2 | U5: 7443.8 | V5: 14830.3 | W5: =IF(V5<>-999, U5+V5, U5) -> 22274.1 | X5: 28842.6 | Y5: 57463.6 | Z5: =IF(Y5<>-999, X5+Y5, X5) -> 86306.2 | AA5: 117322.2 | AB5: 52698 | AC5: 170020.2 | AD5: 35314 | AE5: 15862.1 | AF5: 51176.1 | AG5: 136832.5 | AH5: 61461.5 | AI5: 198293.9 | AJ5: 236142.6 | AK5: 106068.9 | AL5: 342211.5 | AM5: 71079 | AN5: 31926.8 | AO5: 103005.8 | AP5: 275412.3 | AQ5: 123707.8 | AR5: 399120.1 | AS5: 1263827.6 | AT5: =IF(AA5<>-999,AA5*0.5*3.67*0.907185, -999) -> 195304.44 | AU5: =IF(AB5<>-999,AB5*0.5*3.67*0.907185, -999) -> 87725.542 | AV5: =IF(AC5<>-999,AC5*0.5*3.67*0.907185, -999) -> 283029.99 | AW5: =IF(AD5<>-999,AD5*0.5*3.67*0.907185, -999) -> 58786.668 | AX5: =IF(AE5<>-999,AE5*0.5*3.67*0.907185, -999) -> 26405.392 | AY5: =IF(AF5<>-999,AF5*0.5*3.67*0.907185, -999) -> 85192.059 | AZ5: =IF(AG5<>-999,AG5*0.5*3.67*0.907185, -999) -> 227782.94 | BA5: =IF(AH5<>-999,AH5*0.5*3.67*0.907185, -999) -> 102314 | ... BL5: =IF(AS5<>-999,AS5*0.5*3.67*0.907185, -999) -> 2103874.2 | BM5: =-17.17-(0.1023*E5)+F5*(100-8.576-13.681) -> 18.719584 | BN5: =IF(AT5<>-999,AT5*$BM5, -999) -> 3656017.9 | BO5: =IF(AU5<>-999,AU5*$BM5, -999) -> 1642185.7 | BP5: =IF(AV5<>-999,AV5*$BM5, -999) -> 5298203.6 | BQ5: =-19.943-(0.1023*E5)+F5*(100-8.576-13.681) -> 15.946584 | BR5: =IF(AW5<>-999,AW5*$BQ5, -999) -> 937446.53 | BS5: =IF(AX5<>-999,AX5*$BQ5, -999) -> 421075.79 | BT5: =IF(AY5<>-999,AY5*$BQ5, -999) -> 1358522.3 | BU5: =-25.871-(0.1023*E5)+F5*(100-8.576-13.681) -> 10.018584 | BV5: =IF(AZ5<>-999,AZ5*$BU5, -999) -> 2282062.5 | BW5: =IF(BA5<>-999,BA5*$BU5, -999) -> 1025041.4 | BX5: =IF(BB5<>-999,BB5*$BU5, -999) -> 3307102.3 | BY5: =-25.245-(0.1023*E5)+F5*(100-8.576-13.681) -> 10.644584 | BZ5: =IF(BC5<>-999,BC5*$BY5, -999) -> 4184417 | CA5: =IF(BD5<>-999,BD5*$BY5, -999) -> 1879527.5 | CB5: =IF(BE5<>-999,BE5*$BY5, -999) -> 6063944.5 | CC5: =-29.317-(0.1023*E5)+F5*(100-8.576-13.681) -> 6.5725839 | CD5: =IF(BF5<>-999,BF5*$CC5, -999) -> 777695.13 | CE5: =IF(BG5<>-999,BG5*$CC5, -999) -> 349320.01 | CF5: =IF(BH5<>-999,BH5*$CC5, -999) -> 1127015.1 | CG5: =-38.03-(0.1023*E5)+F5*(100-8.576-13.681) -> -2.1404161 | CH5: =IF(BI5<>-999,BI5*$CG5, -999) -> -981326.36 | CI5: =IF(BJ5<>-999,BJ5*$CG5, -999) -> -440785.41 | CJ5: =IF(BK5<>-999,BK5*$CG5, -999) -> -1422111.8 | CK5: =BP5+BT5+BX5+CB5+CF5+CJ5 -> 15732676 | CL5: =((-55.825+0.1023*$E5)/$F5)+8.576+13.681 -> -17.556582 | CM5: =((-10.38+0.1023*$E5)/$F5)+8.576+13.681 -> 40.693248 | CN5: =((-100.485+0.1023*$E5)/$F5)+8.576+13.681 -> -74.800225 | CO5: =-17.17-22.91 -> -40.08 | CP5: =IF(AT5<>-999,AT5*$CO5, -999) -> -7827802.2 | CQ5: =IF(AU5<>-999,AU5*$CO5, -999) -> -3516039.7 | CR5: =IF(AV5<>-999,AV5*$CO5, -999) -> -11343842 | CS5: =-19.943-22.91 -> -42.853 | CT5: =IF(AW5<>-999,AW5*$CS5, -999) -> -2519185.1 | CU5: =IF(AX5<>-999,AX5*$CS5, -999) -> -1131550.2 | CV5: =IF(AY5<>-999,AY5*$CS5, -999) -> -3650735.3 | CW5: =-25.871-22.91 -> -48.781 | CX5: =IF(AZ5<>-999,AZ5*$CO5, -999) -> -9129540.2 | CY5: =IF(BA5<>-999,BA5*$CO5, -999) -> -4100745.3 | CZ5: =IF(BB5<>-999,BB5*$CO5, -999) -> -13230279 | DA5: =-25.245-22.91 -> -48.155 | DB5: =IF(BC5<>-999,BC5*$DA5, -999) -> -18929871 | DC5: =IF(BD5<>-999,BD5*$DA5, -999) -> -8502788.6 | DD5: =IF(BE5<>-999,BE5*$DA5, -999) -> -27432660 | DE5: =-29.317-22.91 -> -52.227 | DF5: =IF(BF5<>-999,BF5*$DE5, -999) -> -6179713.2 | DG5: =IF(BG5<>-999,BG5*$DE5, -999) -> -2775763.1 | DH5: =IF(BH5<>-999,BH5*$DE5, -999) -> -8955476.3 | DI5: =-38.03-22.91 -> -60.94 | DJ5: =IF(BI5<>-999,BI5*$DI5, -999) -> -27939441 | DK5: =IF(BJ5<>-999,BJ5*$DI5, -999) -> -12549646 | DL5: =IF(BK5<>-999,BK5*$DI5, -999) -> -40489087 | DM5: =CR5+CV5+CZ5+DD5+DH5+DL5 -> -1.0510208e+08 | DN5: =-17.17 -> -17.17 | DO5: =IF(AT5<>-999,AT5*$DN5, -999) -> -3353377.3 | DP5: =IF(AU5<>-999,AU5*$DN5, -999) -> -1506247.6 | DQ5: =IF(AV5<>-999,AV5*$DN5, -999) -> -4859624.9 | DR5: =-19.943 -> -19.943 | DS5: =IF(AW5<>-999,AW5*$DR5, -999) -> -1172382.5 | DT5: =IF(AX5<>-999,AX5*$DR5, -999) -> -526602.72 | DU5: =IF(AY5<>-999,AY5*$DR5, -999) -> -1698985.2 | DV5: =-25.871 -> -25.871 | DW5: =IF(AZ5<>-999,AZ5*$DV5, -999) -> -5892972.4 | DX5: =IF(BA5<>-999,BA5*$DV5, -999) -> -2646965.6 | DY5: =IF(BB5<>-999,BB5*$DV5, -999) -> -8539933.7 | DZ5: =-25.245 -> -25.245 | EA5: =IF(BC5<>-999, BC5*$DZ5, -999) -> -9923883.2 | EB5: =IF(BD5<>-999, BD5*$DZ5, -999) -> -4457541.2 | EC5: =IF(BE5<>-999, BE5*$DZ5, -999) -> -14381424 | ED5: =-29.317 -> -29.317 | EE5: =IF(BF5<>-999,BF5*$ED5, -999) -> -3468907.9 | EF5: =IF(BG5<>-999,BG5*$ED5, -999) -> -1558141.3 | EG5: =IF(BH5<>-999,BH5*$ED5, -999) -> -5027049.2 | EH5: =-38.03 -> -38.03 | EI5: =IF(BI5<>-999,BI5*$EH5, -999) -> -17435788 | EJ5: =IF(BJ5<>-999,BJ5*$EH5, -999) -> -7831687.3 | EK5: =IF(BK5<>-999,BK5*$EH5, -999) -> -25267476 | EL5: =DQ5+DU5+DY5+EC5+EG5+EK5 -> -59774493 | EM5: =-17.17-(0.1023*G5)+H5*(100+102.093-66.644-64.243) -> 28.840832 | EN5: =IF(AT5<>-999,AT5*$EM5, -999) -> 5632742.6 | EO5: =IF(AU5<>-999,AU5*$EM5, -999) -> 2530077.6 | EP5: =IF(AV5<>-999,AV5*$EM5, -999) -> 8162820.2 | EQ5: =-19.943-(0.1023*G5)+H5*(100+102.093-66.644-64.243) -> 26.067832 | ER5: =IF(AW5<>-999,AW5*$EQ5, -999) -> 1532441 | ES5: =IF(AX5<>-999,AX5*$EQ5, -999) -> 688331.3 | ET5: =IF(AY5<>-999,AY5*$EQ5, -999) -> 2220772.3 | EU5: =-25.871-(0.1023*G5)+H5*(100+102.093-66.644-64.243) -> 20.139832 | EV5: =IF(AZ5<>-999,AZ5*$EU5, -999) -> 4587510 | EW5: =IF(BA5<>-999,BA5*$EU5, -999) -> 2060586.8 | EX5: =IF(BB5<>-999,BB5*$EU5, -999) -> 6648093.5 | EY5: =-25.245-(0.1023*G5)+H5*(100+102.093-66.644-64.243) -> 20.765832 | EZ5: =IF(BC5<>-999, BC5*$EY5, -999) -> 8163109.1 | FA5: =IF(BD5<>-999, BD5*$EY5, -999) -> 3666648.9 | FB5: =IF(BE5<>-999, BE5*$EY5, -999) -> 11829758 | FC5: =-29.317-(0.1023*G5)+H5*(100+102.093-66.644-64.243) -> 16.693832 | FD5: =IF(BF5<>-999,BF5*$FC5, -999) -> 1975282.7 | FE5: =IF(BG5<>-999,BG5*$FC5, -999) -> 887244.57 | FF5: =IF(BH5<>-999,BH5*$FC5, -999) -> 2862527.3 | FG5: =-38.03-(0.1023*G5)+H5*(100+102.093-66.644-64.243) -> 7.9808317 | FH5: =IF(BI5<>-999,BI5*$FG5, -999) -> 3659008.5 | FI5: =IF(BJ5<>-999,BJ5*$FG5, -999) -> 1643528.2 | FJ5: =IF(BK5<>-999,BK5*$FG5, -999) -> 5302536.7 | FK5: =EP5+ET5+EX5+FB5+FF5+FJ5 -> 37026508 | FL5: =-17.17+0.435*(100+83.36-27.092-93.78) -> 10.01228 | FM5: =IF(AT5<>-999,AT5*$FL5, -999) -> 1955442.8 | FN5: =IF(AU5<>-999,AU5*$FL5, -999) -> 878332.69 | FO5: =IF(AV5<>-999,AV5*$FL5, -999) -> 2833775.5 | FP5: =-19.943+0.435*(100+83.36-27.092-93.78) -> 7.23928 | FQ5: =IF(AW5<>-999,AW5*$FP5, -999) -> 425573.15 | FR5: =IF(AX5<>-999,AX5*$FP5, -999) -> 191156.02 | FS5: =IF(AY5<>-999,AY5*$FP5, -999) -> 616729.17 | FT5: =-25.871+0.435*(100+83.36-27.092-93.78) -> 1.31128 | FU5: =IF(AZ5<>-999,AZ5*$FT5, -999) -> 298687.21 | FV5: =IF(BA5<>-999,BA5*$FT5, -999) -> 134162.31 | FW5: =IF(BB5<>-999,BB5*$FT5, -999) -> 432849.3 | FX5: =-25.245+0.435*(100+83.36-27.092-93.78) -> 1.93728 | FY5: =IF(BC5<>-999, BC5*$FX5, -999) -> 761550.43 | FZ5: =IF(BD5<>-999, BD5*$FX5, -999) -> 342067.95 | GA5: =IF(BE5<>-999, BE5*$FX5, -999) -> 1103618.4 | GB5: =-29.317+0.435*(100+83.36-27.092-93.78) -> -2.13472 | GC5: =IF(BF5<>-999,BF5*$GB5, -999) -> -252588.84 | GD5: =IF(BG5<>-999,BG5*$GB5, -999) -> -113456.2 | GE5: =IF(BH5<>-999,BH5*$GB5, -999) -> -366045.04 | GF5: =-38.03+0.435*(100+83.36-27.092-93.78) -> -10.84772 | GG5: =IF(BI5<>-999,BI5*$GF5, -999) -> -4973403.9 | GH5: =IF(BJ5<>-999,BJ5*$GF5, -999) -> -2233919.3 | GI5: =IF(BK5<>-999,BK5*$GF5, -999) -> -7207323.2 | GJ5: =FO5+FS5+FW5+GA5+GE5+GI5 -> -2586395.9
A6: New Mexico | B6: Lincoln | C6: 42 | D6: 0.994 | E6: 106.94416 | F6: 0.79255077 | G6: 190.75651 | H6: 0.80920112 | I6: 36937.4 | J6: 4687.6 | K6: =IF(J6<>-999, I6+J6, I6) -> 41625 | L6: 22235.5 | M6: 2821.8 | N6: =IF(M6<>-999, L6+M6, L6) -> 25057.3 | O6: 26671 | P6: 3384.7 | Q6: =IF(P6<>-999, O6+P6, O6) -> 30055.7 | R6: 121239.4 | S6: 15386.1 | T6: =IF(S6<>-999, R6+S6, R6) -> 136625.5 | U6: 72983.5 | V6: 9262.1 | W6: =IF(V6<>-999, U6+V6, U6) -> 82245.6 | X6: 87542 | Y6: 11109.7 | Z6: =IF(Y6<>-999, X6+Y6, X6) -> 98651.7 | AA6: 408363 | AB6: 36522 | AC6: 444885 | AD6: 245825.8 | AE6: 21985.5 | AF6: 267811.2 | AG6: 294862.3 | AH6: 26371.1 | AI6: 321233.4 | AJ6: 1340368.6 | AK6: 119876.2 | AL6: 1460244.7 | AM6: 806873.1 | AN6: 72162.9 | AO6: 879036 | AP6: 967825.6 | AQ6: 86557.7 | AR6: 1054383.3 | AS6: 4427593.7 | AT6: =IF(AA6<>-999,AA6*0.5*3.67*0.907185, -999) -> 679795.55 | AU6: =IF(AB6<>-999,AB6*0.5*3.67*0.907185, -999) -> 60797.606 | AV6: =IF(AC6<>-999,AC6*0.5*3.67*0.907185, -999) -> 740593.15 | AW6: =IF(AD6<>-999,AD6*0.5*3.67*0.907185, -999) -> 409222.39 | AX6: =IF(AE6<>-999,AE6*0.5*3.67*0.907185, -999) -> 36598.921 | AY6: =IF(AF6<>-999,AF6*0.5*3.67*0.907185, -999) -> 445821.15 | AZ6: =IF(AG6<>-999,AG6*0.5*3.67*0.907185, -999) -> 490852.69 | BA6: =IF(AH6<>-999,AH6*0.5*3.67*0.907185, -999) -> 43899.561 | ... BL6: =IF(AS6<>-999,AS6*0.5*3.67*0.907185, -999) -> 7370546.5 | BM6: =-17.17-(0.1023*E6)+F6*(100-8.576-13.681) -> 33.504887 | BN6: =IF(AT6<>-999,AT6*$BM6, -999) -> 22776473 | BO6: =IF(AU6<>-999,AU6*$BM6, -999) -> 2037016.9 | BP6: =IF(AV6<>-999,AV6*$BM6, -999) -> 24813490 | BQ6: =-19.943-(0.1023*E6)+F6*(100-8.576-13.681) -> 30.731887 | BR6: =IF(AW6<>-999,AW6*$BQ6, -999) -> 12576176 | BS6: =IF(AX6<>-999,AX6*$BQ6, -999) -> 1124753.9 | BT6: =IF(AY6<>-999,AY6*$BQ6, -999) -> 13700925 | BU6: =-25.871-(0.1023*E6)+F6*(100-8.576-13.681) -> 24.803887 | BV6: =IF(AZ6<>-999,AZ6*$BU6, -999) -> 12175055 | BW6: =IF(BA6<>-999,BA6*$BU6, -999) -> 1088879.7 | BX6: =IF(BB6<>-999,BB6*$BU6, -999) -> 13263934 | BY6: =-25.245-(0.1023*E6)+F6*(100-8.576-13.681) -> 25.429887 | BZ6: =IF(BC6<>-999,BC6*$BY6, -999) -> 56741472 | CA6: =IF(BD6<>-999,BD6*$BY6, -999) -> 5074687.7 | CB6: =IF(BE6<>-999,BE6*$BY6, -999) -> 61816156 | CC6: =-29.317-(0.1023*E6)+F6*(100-8.576-13.681) -> 21.357887 | CD6: =IF(BF6<>-999,BF6*$CC6, -999) -> 28687681 | CE6: =IF(BG6<>-999,BG6*$CC6, -999) -> 2565690 | CF6: =IF(BH6<>-999,BH6*$CC6, -999) -> 31253371 | CG6: =-38.03-(0.1023*E6)+F6*(100-8.576-13.681) -> 12.644887 | CH6: =IF(BI6<>-999,BI6*$CG6, -999) -> 20372484 | CI6: =IF(BJ6<>-999,BJ6*$CG6, -999) -> 1822017.7 | CJ6: =IF(BK6<>-999,BK6*$CG6, -999) -> 22194501 | CK6: =BP6+BT6+BX6+CB6+CF6+CJ6 -> 1.6704238e+08 | CL6: =((-55.825+0.1023*$E6)/$F6)+8.576+13.681 -> -34.376107 | CM6: =((-10.38+0.1023*$E6)/$F6)+8.576+13.681 -> 22.964068 | CN6: =((-100.485+0.1023*$E6)/$F6)+8.576+13.681 -> -90.725809 | CO6: =-17.17-22.91 -> -40.08 | CP6: =IF(AT6<>-999,AT6*$CO6, -999) -> -27246205 | CQ6: =IF(AU6<>-999,AU6*$CO6, -999) -> -2436768.1 | CR6: =IF(AV6<>-999,AV6*$CO6, -999) -> -29682974 | CS6: =-19.943-22.91 -> -42.853 | CT6: =IF(AW6<>-999,AW6*$CS6, -999) -> -17536407 | CU6: =IF(AX6<>-999,AX6*$CS6, -999) -> -1568373.5 | CV6: =IF(AY6<>-999,AY6*$CS6, -999) -> -19104774 | CW6: =-25.871-22.91 -> -48.781 | CX6: =IF(AZ6<>-999,AZ6*$CO6, -999) -> -19673376 | CY6: =IF(BA6<>-999,BA6*$CO6, -999) -> -1759494.4 | CZ6: =IF(BB6<>-999,BB6*$CO6, -999) -> -21432870 | DA6: =-25.245-22.91 -> -48.155 | DB6: =IF(BC6<>-999,BC6*$DA6, -999) -> -1.0744781e+08 | DC6: =IF(BD6<>-999,BD6*$DA6, -999) -> -9609621.5 | DD6: =IF(BE6<>-999,BE6*$DA6, -999) -> -1.1705742e+08 | DE6: =-29.317-22.91 -> -52.227 | DF6: =IF(BF6<>-999,BF6*$DE6, -999) -> -70150738 | DG6: =IF(BG6<>-999,BG6*$DE6, -999) -> -6273949 | DH6: =IF(BH6<>-999,BH6*$DE6, -999) -> -76424687 | DI6: =-38.03-22.91 -> -60.94 | DJ6: =IF(BI6<>-999,BI6*$DI6, -999) -> -98181912 | DK6: =IF(BJ6<>-999,BJ6*$DI6, -999) -> -8780921.3 | DL6: =IF(BK6<>-999,BK6*$DI6, -999) -> -1.0696283e+08 | DM6: =CR6+CV6+CZ6+DD6+DH6+DL6 -> -3.7066556e+08 | DN6: =-17.17 -> -17.17 | DO6: =IF(AT6<>-999,AT6*$DN6, -999) -> -11672090 | DP6: =IF(AU6<>-999,AU6*$DN6, -999) -> -1043894.9 | DQ6: =IF(AV6<>-999,AV6*$DN6, -999) -> -12715984 | DR6: =-19.943 -> -19.943 | DS6: =IF(AW6<>-999,AW6*$DR6, -999) -> -8161122.2 | DT6: =IF(AX6<>-999,AX6*$DR6, -999) -> -729892.27 | DU6: =IF(AY6<>-999,AY6*$DR6, -999) -> -8891011.1 | DV6: =-25.871 -> -25.871 | DW6: =IF(AZ6<>-999,AZ6*$DV6, -999) -> -12698850 | DX6: =IF(BA6<>-999,BA6*$DV6, -999) -> -1135725.5 | DY6: =IF(BB6<>-999,BB6*$DV6, -999) -> -13834576 | DZ6: =-25.245 -> -25.245 | EA6: =IF(BC6<>-999, BC6*$DZ6, -999) -> -56328936 | EB6: =IF(BD6<>-999, BD6*$DZ6, -999) -> -5037792.5 | EC6: =IF(BE6<>-999, BE6*$DZ6, -999) -> -61366724 | ED6: =-29.317 -> -29.317 | EE6: =IF(BF6<>-999,BF6*$ED6, -999) -> -39378276 | EF6: =IF(BG6<>-999,BG6*$ED6, -999) -> -3521806 | EG6: =IF(BH6<>-999,BH6*$ED6, -999) -> -42900082 | EH6: =-38.03 -> -38.03 | EI6: =IF(BI6<>-999,BI6*$EH6, -999) -> -61271055 | EJ6: =IF(BJ6<>-999,BJ6*$EH6, -999) -> -5479790.6 | EK6: =IF(BK6<>-999,BK6*$EH6, -999) -> -66750846 | EL6: =DQ6+DU6+DY6+EC6+EG6+EK6 -> -2.0645922e+08 | EM6: =-17.17-(0.1023*G6)+H6*(100+102.093-66.644-64.243) -> 20.935584 | EN6: =IF(AT6<>-999,AT6*$EM6, -999) -> 14231917 | EO6: =IF(AU6<>-999,AU6*$EM6, -999) -> 1272833.4 | EP6: =IF(AV6<>-999,AV6*$EM6, -999) -> 15504750 | EQ6: =-19.943-(0.1023*G6)+H6*(100+102.093-66.644-64.243) -> 18.162584 | ER6: =IF(AW6<>-999,AW6*$EQ6, -999) -> 7432535.9 | ES6: =IF(AX6<>-999,AX6*$EQ6, -999) -> 664730.95 | ET6: =IF(AY6<>-999,AY6*$EQ6, -999) -> 8097263.9 | EU6: =-25.871-(0.1023*G6)+H6*(100+102.093-66.644-64.243) -> 12.234584 | EV6: =IF(AZ6<>-999,AZ6*$EU6, -999) -> 6005378.3 | EW6: =IF(BA6<>-999,BA6*$EU6, -999) -> 537092.85 | EX6: =IF(BB6<>-999,BB6*$EU6, -999) -> 6542471.2 | EY6: =-25.245-(0.1023*G6)+H6*(100+102.093-66.644-64.243) -> 12.860584 | EZ6: =IF(BC6<>-999, BC6*$EY6, -999) -> 28695702 | FA6: =IF(BD6<>-999, BD6*$EY6, -999) -> 2566407.3 | FB6: =IF(BE6<>-999, BE6*$EY6, -999) -> 31262107 | FC6: =-29.317-(0.1023*G6)+H6*(100+102.093-66.644-64.243) -> 8.7885836 | FD6: =IF(BF6<>-999,BF6*$FC6, -999) -> 11804730 | FE6: =IF(BG6<>-999,BG6*$FC6, -999) -> 1055759 | FF6: =IF(BH6<>-999,BH6*$FC6, -999) -> 12860489 | FG6: =-38.03-(0.1023*G6)+H6*(100+102.093-66.644-64.243) -> 0.075583616 | FH6: =IF(BI6<>-999,BI6*$FG6, -999) -> 121774.6 | FI6: =IF(BJ6<>-999,BJ6*$FG6, -999) -> 10890.938 | FJ6: =IF(BK6<>-999,BK6*$FG6, -999) -> 132665.54 | FK6: =EP6+ET6+EX6+FB6+FF6+FJ6 -> 74399746 | FL6: =-17.17+0.435*(100+83.36-27.092-93.78) -> 10.01228 | FM6: =IF(AT6<>-999,AT6*$FL6, -999) -> 6806303.4 | FN6: =IF(AU6<>-999,AU6*$FL6, -999) -> 608722.66 | FO6: =IF(AV6<>-999,AV6*$FL6, -999) -> 7415026 | FP6: =-19.943+0.435*(100+83.36-27.092-93.78) -> 7.23928 | FQ6: =IF(AW6<>-999,AW6*$FP6, -999) -> 2962475.5 | FR6: =IF(AX6<>-999,AX6*$FP6, -999) -> 264949.83 | FS6: =IF(AY6<>-999,AY6*$FP6, -999) -> 3227424.1 | FT6: =-25.871+0.435*(100+83.36-27.092-93.78) -> 1.31128 | FU6: =IF(AZ6<>-999,AZ6*$FT6, -999) -> 643645.32 | FV6: =IF(BA6<>-999,BA6*$FT6, -999) -> 57564.616 | FW6: =IF(BB6<>-999,BB6*$FT6, -999) -> 701209.94 | FX6: =-25.245+0.435*(100+83.36-27.092-93.78) -> 1.93728 | FY6: =IF(BC6<>-999, BC6*$FX6, -999) -> 4322635 | FZ6: =IF(BD6<>-999, BD6*$FX6, -999) -> 386595.94 | GA6: =IF(BE6<>-999, BE6*$FX6, -999) -> 4709230.7 | GB6: =-29.317+0.435*(100+83.36-27.092-93.78) -> -2.13472 | GC6: =IF(BF6<>-999,BF6*$GB6, -999) -> -2867332.7 | GD6: =IF(BG6<>-999,BG6*$GB6, -999) -> -256440.62 | GE6: =IF(BH6<>-999,BH6*$GB6, -999) -> -3123773.3 | GF6: =-38.03+0.435*(100+83.36-27.092-93.78) -> -10.84772 | GG6: =IF(BI6<>-999,BI6*$GF6, -999) -> -17477025 | GH6: =IF(BJ6<>-999,BJ6*$GF6, -999) -> -1563061.6 | GI6: =IF(BK6<>-999,BK6*$GF6, -999) -> -19040086 | GJ6: =FO6+FS6+FW6+GA6+GE6+GI6 -> -6110969
A7: California | B7: Amador | C7: 89 | D7: 0.994 | E7: 206.44376 | F7: 0.78203523 | G7: 64.585432 | H7: 0.81896261 | I7: 14647.5 | J7: 31448.6 | K7: =IF(J7<>-999, I7+J7, I7) -> 46096.1 | L7: 9593.1 | M7: 20596.7 | N7: =IF(M7<>-999, L7+M7, L7) -> 30189.8 | O7: 27897.2 | P7: 59896.1 | Q7: =IF(P7<>-999, O7+P7, O7) -> 87793.3 | R7: 17824.9 | S7: 38270.6 | T7: =IF(S7<>-999, R7+S7, R7) -> 56095.5 | U7: 11674.2 | V7: 25064.7 | W7: =IF(V7<>-999, U7+V7, U7) -> 36738.9 | X7: 33948.9 | Y7: 72889.1 | Z7: =IF(Y7<>-999, X7+Y7, X7) -> 106838 | AA7: 750181.7 | AB7: 828998.2 | AC7: 1579179.9 | AD7: 491319.4 | AE7: 542939 | AF7: 1034258.4 | AG7: 1428774.9 | AH7: 1578886.6 | AI7: 3007661.5 | AJ7: 912915.7 | AK7: 1008829.6 | AL7: 1921745.3 | AM7: 597899.4 | AN7: 660716.7 | AO7: 1258616.2 | AP7: 1738713.6 | AQ7: 1921388.5 | AR7: 3660102 | AS7: 12461563 | AT7: =IF(AA7<>-999,AA7*0.5*3.67*0.907185, -999) -> 1248815.8 | AU7: =IF(AB7<>-999,AB7*0.5*3.67*0.907185, -999) -> 1380020.4 | AV7: =IF(AC7<>-999,AC7*0.5*3.67*0.907185, -999) -> 2628836.3 | AW7: =IF(AD7<>-999,AD7*0.5*3.67*0.907185, -999) -> 817891.78 | AX7: =IF(AE7<>-999,AE7*0.5*3.67*0.907185, -999) -> 903822.12 | AY7: =IF(AF7<>-999,AF7*0.5*3.67*0.907185, -999) -> 1721713.9 | AZ7: =IF(AG7<>-999,AG7*0.5*3.67*0.907185, -999) -> 2378459.4 | BA7: =IF(AH7<>-999,AH7*0.5*3.67*0.907185, -999) -> 2628348 | ... BL7: =IF(AS7<>-999,AS7*0.5*3.67*0.907185, -999) -> 20744571 | BM7: =-17.17-(0.1023*E7)+F7*(100-8.576-13.681) -> 22.508568 | BN7: =IF(AT7<>-999,AT7*$BM7, -999) -> 28109057 | BO7: =IF(AU7<>-999,AU7*$BM7, -999) -> 31062284 | BP7: =IF(AV7<>-999,AV7*$BM7, -999) -> 59171341 | BQ7: =-19.943-(0.1023*E7)+F7*(100-8.576-13.681) -> 19.735568 | BR7: =IF(AW7<>-999,AW7*$BQ7, -999) -> 16141559 | BS7: =IF(AX7<>-999,AX7*$BQ7, -999) -> 17837443 | BT7: =IF(AY7<>-999,AY7*$BQ7, -999) -> 33979003 | BU7: =-25.871-(0.1023*E7)+F7*(100-8.576-13.681) -> 13.807568 | BV7: =IF(AZ7<>-999,AZ7*$BU7, -999) -> 32840741 | BW7: =IF(BA7<>-999,BA7*$BU7, -999) -> 36291095 | BX7: =IF(BB7<>-999,BB7*$BU7, -999) -> 69131836 | BY7: =-25.245-(0.1023*E7)+F7*(100-8.576-13.681) -> 14.433568 | BZ7: =IF(BC7<>-999,BC7*$BY7, -999) -> 21934933 | CA7: =IF(BD7<>-999,BD7*$BY7, -999) -> 24239489 | CB7: =IF(BE7<>-999,BE7*$BY7, -999) -> 46174423 | CC7: =-29.317-(0.1023*E7)+F7*(100-8.576-13.681) -> 10.361568 | CD7: =IF(BF7<>-999,BF7*$CC7, -999) -> 10313013 | CE7: =IF(BG7<>-999,BG7*$CC7, -999) -> 11396532 | CF7: =IF(BH7<>-999,BH7*$CC7, -999) -> 21709546 | CG7: =-38.03-(0.1023*E7)+F7*(100-8.576-13.681) -> 1.6485684 | CH7: =IF(BI7<>-999,BI7*$CG7, -999) -> 4771632.2 | CI7: =IF(BJ7<>-999,BJ7*$CG7, -999) -> 5272955.4 | CJ7: =IF(BK7<>-999,BK7*$CG7, -999) -> 10044587 | CK7: =BP7+BT7+BX7+CB7+CF7+CJ7 -> 2.4021074e+08 | CL7: =((-55.825+0.1023*$E7)/$F7)+8.576+13.681 -> -22.121823 | CM7: =((-10.38+0.1023*$E7)/$F7)+8.576+13.681 -> 35.989369 | CN7: =((-100.485+0.1023*$E7)/$F7)+8.576+13.681 -> -79.229225 | CO7: =-17.17-22.91 -> -40.08 | CP7: =IF(AT7<>-999,AT7*$CO7, -999) -> -50052538 | CQ7: =IF(AU7<>-999,AU7*$CO7, -999) -> -55311219 | CR7: =IF(AV7<>-999,AV7*$CO7, -999) -> -1.0536376e+08 | CS7: =-19.943-22.91 -> -42.853 | CT7: =IF(AW7<>-999,AW7*$CS7, -999) -> -35049116 | CU7: =IF(AX7<>-999,AX7*$CS7, -999) -> -38731489 | CV7: =IF(AY7<>-999,AY7*$CS7, -999) -> -73780606 | CW7: =-25.871-22.91 -> -48.781 | CX7: =IF(AZ7<>-999,AZ7*$CO7, -999) -> -95328653 | CY7: =IF(BA7<>-999,BA7*$CO7, -999) -> -1.0534419e+08 | CZ7: =IF(BB7<>-999,BB7*$CO7, -999) -> -2.0067284e+08 | DA7: =-25.245-22.91 -> -48.155 | DB7: =IF(BC7<>-999,BC7*$DA7, -999) -> -73181953 | DC7: =IF(BD7<>-999,BD7*$DA7, -999) -> -80870687 | DD7: =IF(BE7<>-999,BE7*$DA7, -999) -> -1.5405264e+08 | DE7: =-29.317-22.91 -> -52.227 | DF7: =IF(BF7<>-999,BF7*$DE7, -999) -> -51982256 | DG7: =IF(BG7<>-999,BG7*$DE7, -999) -> -57443685 | DH7: =IF(BH7<>-999,BH7*$DE7, -999) -> -1.0942595e+08 | DI7: =-38.03-22.91 -> -60.94 | DJ7: =IF(BI7<>-999,BI7*$DI7, -999) -> -1.7638532e+08 | DK7: =IF(BJ7<>-999,BJ7*$DI7, -999) -> -1.9491693e+08 | DL7: =IF(BK7<>-999,BK7*$DI7, -999) -> -3.7130224e+08 | DM7: =CR7+CV7+CZ7+DD7+DH7+DL7 -> -1.014598e+09 | DN7: =-17.17 -> -17.17 | DO7: =IF(AT7<>-999,AT7*$DN7, -999) -> -21442168 | DP7: =IF(AU7<>-999,AU7*$DN7, -999) -> -23694951 | DQ7: =IF(AV7<>-999,AV7*$DN7, -999) -> -45137119 | DR7: =-19.943 -> -19.943 | DS7: =IF(AW7<>-999,AW7*$DR7, -999) -> -16311216 | DT7: =IF(AX7<>-999,AX7*$DR7, -999) -> -18024925 | DU7: =IF(AY7<>-999,AY7*$DR7, -999) -> -34336140 | DV7: =-25.871 -> -25.871 | DW7: =IF(AZ7<>-999,AZ7*$DV7, -999) -> -61533123 | DX7: =IF(BA7<>-999,BA7*$DV7, -999) -> -67997991 | DY7: =IF(BB7<>-999,BB7*$DV7, -999) -> -1.2953111e+08 | DZ7: =-25.245 -> -25.245 | EA7: =IF(BC7<>-999, BC7*$DZ7, -999) -> -38365245 | EB7: =IF(BD7<>-999, BD7*$DZ7, -999) -> -42396023 | EC7: =IF(BE7<>-999, BE7*$DZ7, -999) -> -80761269 | ED7: =-29.317 -> -29.317 | EE7: =IF(BF7<>-999,BF7*$ED7, -999) -> -29179616 | EF7: =IF(BG7<>-999,BG7*$ED7, -999) -> -32245324 | EG7: =IF(BH7<>-999,BH7*$ED7, -999) -> -61424945 | EH7: =-38.03 -> -38.03 | EI7: =IF(BI7<>-999,BI7*$EH7, -999) -> -1.1007439e+08 | EJ7: =IF(BJ7<>-999,BJ7*$EH7, -999) -> -1.2163917e+08 | EK7: =IF(BK7<>-999,BK7*$EH7, -999) -> -2.3171356e+08 | EL7: =DQ7+DU7+DY7+EC7+EG7+EK7 -> -5.8290414e+08 | EM7: =-17.17-(0.1023*G7)+H7*(100+102.093-66.644-64.243) -> 34.537962 | EN7: =IF(AT7<>-999,AT7*$EM7, -999) -> 43131554 | EO7: =IF(AU7<>-999,AU7*$EM7, -999) -> 47663093 | EP7: =IF(AV7<>-999,AV7*$EM7, -999) -> 90794647 | EQ7: =-19.943-(0.1023*G7)+H7*(100+102.093-66.644-64.243) -> 31.764962 | ER7: =IF(AW7<>-999,AW7*$EQ7, -999) -> 25980301 | ES7: =IF(AX7<>-999,AX7*$EQ7, -999) -> 28709875 | ET7: =IF(AY7<>-999,AY7*$EQ7, -999) -> 54690176 | EU7: =-25.871-(0.1023*G7)+H7*(100+102.093-66.644-64.243) -> 25.836962 | EV7: =IF(AZ7<>-999,AZ7*$EU7, -999) -> 61452165 | EW7: =IF(BA7<>-999,BA7*$EU7, -999) -> 67908527 | EX7: =IF(BB7<>-999,BB7*$EU7, -999) -> 1.2936069e+08 | EY7: =-25.245-(0.1023*G7)+H7*(100+102.093-66.644-64.243) -> 26.462962 | EZ7: =IF(BC7<>-999, BC7*$EY7, -999) -> 40216202 | FA7: =IF(BD7<>-999, BD7*$EY7, -999) -> 44441448 | FB7: =IF(BE7<>-999, BE7*$EY7, -999) -> 84657650 | FC7: =-29.317-(0.1023*G7)+H7*(100+102.093-66.644-64.243) -> 22.390962 | FD7: =IF(BF7<>-999,BF7*$FC7, -999) -> 22286034 | FE7: =IF(BG7<>-999,BG7*$FC7, -999) -> 24627479 | FF7: =IF(BH7<>-999,BH7*$FC7, -999) -> 46913518 | FG7: =-38.03-(0.1023*G7)+H7*(100+102.093-66.644-64.243) -> 13.677962 | FH7: =IF(BI7<>-999,BI7*$FG7, -999) -> 39589623 | FI7: =IF(BJ7<>-999,BJ7*$FG7, -999) -> 43749038 | FJ7: =IF(BK7<>-999,BK7*$FG7, -999) -> 83338659 | FK7: =EP7+ET7+EX7+FB7+FF7+FJ7 -> 4.8975534e+08 | FL7: =-17.17+0.435*(100+83.36-27.092-93.78) -> 10.01228 | FM7: =IF(AT7<>-999,AT7*$FL7, -999) -> 12503494 | FN7: =IF(AU7<>-999,AU7*$FL7, -999) -> 13817151 | FO7: =IF(AV7<>-999,AV7*$FL7, -999) -> 26320645 | FP7: =-19.943+0.435*(100+83.36-27.092-93.78) -> 7.23928 | FQ7: =IF(AW7<>-999,AW7*$FP7, -999) -> 5920947.6 | FR7: =IF(AX7<>-999,AX7*$FP7, -999) -> 6543021.4 | FS7: =IF(AY7<>-999,AY7*$FP7, -999) -> 12463969 | FT7: =-25.871+0.435*(100+83.36-27.092-93.78) -> 1.31128 | FU7: =IF(AZ7<>-999,AZ7*$FT7, -999) -> 3118826.2 | FV7: =IF(BA7<>-999,BA7*$FT7, -999) -> 3446500.2 | FW7: =IF(BB7<>-999,BB7*$FT7, -999) -> 6565326.4 | FX7: =-25.245+0.435*(100+83.36-27.092-93.78) -> 1.93728 | FY7: =IF(BC7<>-999, BC7*$FX7, -999) -> 2944116.6 | FZ7: =IF(BD7<>-999, BD7*$FX7, -999) -> 3253435 | GA7: =IF(BE7<>-999, BE7*$FX7, -999) -> 6197551.6 | GB7: =-29.317+0.435*(100+83.36-27.092-93.78) -> -2.13472 | GC7: =IF(BF7<>-999,BF7*$GB7, -999) -> -2124716.4 | GD7: =IF(BG7<>-999,BG7*$GB7, -999) -> -2347946.2 | GE7: =IF(BH7<>-999,BH7*$GB7, -999) -> -4472662.9 | GF7: =-38.03+0.435*(100+83.36-27.092-93.78) -> -10.84772 | GG7: =IF(BI7<>-999,BI7*$GF7, -999) -> -31397744 | GH7: =IF(BJ7<>-999,BJ7*$GF7, -999) -> -34696493 | GI7: =IF(BK7<>-999,BK7*$GF7, -999) -> -66094236 | GJ7: =FO7+FS7+FW7+GA7+GE7+GI7 -> -19019407
A8: California | B8: Sierra | C8: 134 | D8: 0.994 | E8: 203.86675 | F8: 0.78413211 | G8: 118.91094 | H8: 0.81503165 | I8: 8206.2 | J8: 2406.1 | K8: =IF(J8<>-999, I8+J8, I8) -> 10612.3 | L8: 8838.7 | M8: 2591.5 | N8: =IF(M8<>-999, L8+M8, L8) -> 11430.2 | O8: 39169.7 | P8: 11484.6 | Q8: =IF(P8<>-999, O8+P8, O8) -> 50654.3 | R8: 8691.3 | S8: 2548.3 | T8: =IF(S8<>-999, R8+S8, R8) -> 11239.6 | U8: 9361.2 | V8: 2744.7 | W8: =IF(V8<>-999, U8+V8, U8) -> 12105.9 | X8: 41485.1 | Y8: 12163.5 | Z8: =IF(Y8<>-999, X8+Y8, X8) -> 53648.6 | AA8: 58388.3 | AB8: 12922 | AC8: 71310.3 | AD8: 62888.5 | AE8: 13918 | AF8: 76806.5 | AG8: 278697.1 | AH8: 61679 | AI8: 340376.1 | AJ8: 61839.7 | AK8: 13685.9 | AL8: 75525.6 | AM8: 66606 | AN8: 14740.7 | AO8: 81346.7 | AP8: 295171.4 | AQ8: 65325 | AR8: 360496.4 | AS8: 1005861.6 | AT8: =IF(AA8<>-999,AA8*0.5*3.67*0.907185, -999) -> 97198.097 | AU8: =IF(AB8<>-999,AB8*0.5*3.67*0.907185, -999) -> 21511.053 | AV8: =IF(AC8<>-999,AC8*0.5*3.67*0.907185, -999) -> 118709.15 | AW8: =IF(AD8<>-999,AD8*0.5*3.67*0.907185, -999) -> 104689.51 | AX8: =IF(AE8<>-999,AE8*0.5*3.67*0.907185, -999) -> 23169.079 | AY8: =IF(AF8<>-999,AF8*0.5*3.67*0.907185, -999) -> 127858.59 | AZ8: =IF(AG8<>-999,AG8*0.5*3.67*0.907185, -999) -> 463942.74 | BA8: =IF(AH8<>-999,AH8*0.5*3.67*0.907185, -999) -> 102676.07 | ... BL8: =IF(AS8<>-999,AS8*0.5*3.67*0.907185, -999) -> 1674442.2 | BM8: =-17.17-(0.1023*E8)+F8*(100-8.576-13.681) -> 22.935214 | BN8: =IF(AT8<>-999,AT8*$BM8, -999) -> 2229259.2 | BO8: =IF(AU8<>-999,AU8*$BM8, -999) -> 493360.6 | BP8: =IF(AV8<>-999,AV8*$BM8, -999) -> 2722619.8 | BQ8: =-19.943-(0.1023*E8)+F8*(100-8.576-13.681) -> 20.162214 | BR8: =IF(AW8<>-999,AW8*$BQ8, -999) -> 2110772.3 | BS8: =IF(AX8<>-999,AX8*$BQ8, -999) -> 467139.92 | BT8: =IF(AY8<>-999,AY8*$BQ8, -999) -> 2577912.2 | BU8: =-25.871-(0.1023*E8)+F8*(100-8.576-13.681) -> 14.234214 | BV8: =IF(AZ8<>-999,AZ8*$BU8, -999) -> 6603860.2 | BW8: =IF(BA8<>-999,BA8*$BU8, -999) -> 1461513.2 | BX8: =IF(BB8<>-999,BB8*$BU8, -999) -> 8065373.5 | BY8: =-25.245-(0.1023*E8)+F8*(100-8.576-13.681) -> 14.860214 | BZ8: =IF(BC8<>-999,BC8*$BY8, -999) -> 1529763.8 | CA8: =IF(BD8<>-999,BD8*$BY8, -999) -> 338555.88 | CB8: =IF(BE8<>-999,BE8*$BY8, -999) -> 1868319.6 | CC8: =-29.317-(0.1023*E8)+F8*(100-8.576-13.681) -> 10.788214 | CD8: =IF(BF8<>-999,BF8*$CC8, -999) -> 1196175.3 | CE8: =IF(BG8<>-999,BG8*$CC8, -999) -> 264727.83 | CF8: =IF(BH8<>-999,BH8*$CC8, -999) -> 1460903.2 | CG8: =-38.03-(0.1023*E8)+F8*(100-8.576-13.681) -> 2.0752141 | CH8: =IF(BI8<>-999,BI8*$CG8, -999) -> 1019692.3 | CI8: =IF(BJ8<>-999,BJ8*$CG8, -999) -> 225670.23 | CJ8: =IF(BK8<>-999,BK8*$CG8, -999) -> 1245362.5 | CK8: =BP8+BT8+BX8+CB8+CF8+CJ8 -> 17940491 | CL8: =((-55.825+0.1023*$E8)/$F8)+8.576+13.681 -> -22.339352 | CM8: =((-10.38+0.1023*$E8)/$F8)+8.576+13.681 -> 35.616443 | CN8: =((-100.485+0.1023*$E8)/$F8)+8.576+13.681 -> -79.294041 | CO8: =-17.17-22.91 -> -40.08 | CP8: =IF(AT8<>-999,AT8*$CO8, -999) -> -3895699.7 | CQ8: =IF(AU8<>-999,AU8*$CO8, -999) -> -862163 | CR8: =IF(AV8<>-999,AV8*$CO8, -999) -> -4757862.7 | CS8: =-19.943-22.91 -> -42.853 | CT8: =IF(AW8<>-999,AW8*$CS8, -999) -> -4486259.6 | CU8: =IF(AX8<>-999,AX8*$CS8, -999) -> -992864.52 | CV8: =IF(AY8<>-999,AY8*$CS8, -999) -> -5479124.1 | CW8: =-25.871-22.91 -> -48.781 | CX8: =IF(AZ8<>-999,AZ8*$CO8, -999) -> -18594825 | CY8: =IF(BA8<>-999,BA8*$CO8, -999) -> -4115257 | CZ8: =IF(BB8<>-999,BB8*$CO8, -999) -> -22710082 | DA8: =-25.245-22.91 -> -48.155 | DB8: =IF(BC8<>-999,BC8*$DA8, -999) -> -4957248.5 | DC8: =IF(BD8<>-999,BD8*$DA8, -999) -> -1097101.2 | DD8: =IF(BE8<>-999,BE8*$DA8, -999) -> -6054349.7 | DE8: =-29.317-22.91 -> -52.227 | DF8: =IF(BF8<>-999,BF8*$DE8, -999) -> -5790824 | DG8: =IF(BG8<>-999,BG8*$DE8, -999) -> -1281578.2 | DH8: =IF(BH8<>-999,BH8*$DE8, -999) -> -7072402.2 | DI8: =-38.03-22.91 -> -60.94 | DJ8: =IF(BI8<>-999,BI8*$DI8, -999) -> -29943920 | DK8: =IF(BJ8<>-999,BJ8*$DI8, -999) -> -6626951.6 | DL8: =IF(BK8<>-999,BK8*$DI8, -999) -> -36570872 | DM8: =CR8+CV8+CZ8+DD8+DH8+DL8 -> -82644692 | DN8: =-17.17 -> -17.17 | DO8: =IF(AT8<>-999,AT8*$DN8, -999) -> -1668891.3 | DP8: =IF(AU8<>-999,AU8*$DN8, -999) -> -369344.78 | DQ8: =IF(AV8<>-999,AV8*$DN8, -999) -> -2038236.1 | DR8: =-19.943 -> -19.943 | DS8: =IF(AW8<>-999,AW8*$DR8, -999) -> -2087822.9 | DT8: =IF(AX8<>-999,AX8*$DR8, -999) -> -462060.93 | DU8: =IF(AY8<>-999,AY8*$DR8, -999) -> -2549883.8 | DV8: =-25.871 -> -25.871 | DW8: =IF(AZ8<>-999,AZ8*$DV8, -999) -> -12002663 | DX8: =IF(BA8<>-999,BA8*$DV8, -999) -> -2656332.7 | DY8: =IF(BB8<>-999,BB8*$DV8, -999) -> -14658995 | DZ8: =-25.245 -> -25.245 | EA8: =IF(BC8<>-999, BC8*$DZ8, -999) -> -2598810.9 | EB8: =IF(BD8<>-999, BD8*$DZ8, -999) -> -575149.39 | EC8: =IF(BE8<>-999, BE8*$DZ8, -999) -> -3173960.3 | ED8: =-29.317 -> -29.317 | EE8: =IF(BF8<>-999,BF8*$ED8, -999) -> -3250609.6 | EF8: =IF(BG8<>-999,BG8*$ED8, -999) -> -719398.56 | EG8: =IF(BH8<>-999,BH8*$ED8, -999) -> -3970008.1 | EH8: =-38.03 -> -38.03 | EI8: =IF(BI8<>-999,BI8*$EH8, -999) -> -18686696 | EJ8: =IF(BJ8<>-999,BJ8*$EH8, -999) -> -4135591.9 | EK8: =IF(BK8<>-999,BK8*$EH8, -999) -> -22822288 | EL8: =DQ8+DU8+DY8+EC8+EG8+EK8 -> -49213372 | EM8: =-17.17-(0.1023*G8)+H8*(100+102.093-66.644-64.243) -> 28.700555 | EN8: =IF(AT8<>-999,AT8*$EM8, -999) -> 2789639.3 | EO8: =IF(AU8<>-999,AU8*$EM8, -999) -> 617379.15 | EP8: =IF(AV8<>-999,AV8*$EM8, -999) -> 3407018.4 | EQ8: =-19.943-(0.1023*G8)+H8*(100+102.093-66.644-64.243) -> 25.927555 | ER8: =IF(AW8<>-999,AW8*$EQ8, -999) -> 2714343 | ES8: =IF(AX8<>-999,AX8*$EQ8, -999) -> 600717.55 | ET8: =IF(AY8<>-999,AY8*$EQ8, -999) -> 3315060.6 | EU8: =-25.871-(0.1023*G8)+H8*(100+102.093-66.644-64.243) -> 19.999555 | EV8: =IF(AZ8<>-999,AZ8*$EU8, -999) -> 9278648.2 | EW8: =IF(BA8<>-999,BA8*$EU8, -999) -> 2053475.8 | EX8: =IF(BB8<>-999,BB8*$EU8, -999) -> 11332124 | EY8: =-25.245-(0.1023*G8)+H8*(100+102.093-66.644-64.243) -> 20.625555 | EZ8: =IF(BC8<>-999, BC8*$EY8, -999) -> 2123268.6 | FA8: =IF(BD8<>-999, BD8*$EY8, -999) -> 469905.94 | FB8: =IF(BE8<>-999, BE8*$EY8, -999) -> 2593174.6 | FC8: =-29.317-(0.1023*G8)+H8*(100+102.093-66.644-64.243) -> 16.553555 | FD8: =IF(BF8<>-999,BF8*$FC8, -999) -> 1835424.6 | FE8: =IF(BG8<>-999,BG8*$FC8, -999) -> 406201.3 | FF8: =IF(BH8<>-999,BH8*$FC8, -999) -> 2241625.9 | FG8: =-38.03-(0.1023*G8)+H8*(100+102.093-66.644-64.243) -> 7.8405548 | FH8: =IF(BI8<>-999,BI8*$FG8, -999) -> 3852591.8 | FI8: =IF(BJ8<>-999,BJ8*$FG8, -999) -> 852625.16 | FJ8: =IF(BK8<>-999,BK8*$FG8, -999) -> 4705217 | FK8: =EP8+ET8+EX8+FB8+FF8+FJ8 -> 27594220 | FL8: =-17.17+0.435*(100+83.36-27.092-93.78) -> 10.01228 | FM8: =IF(AT8<>-999,AT8*$FL8, -999) -> 973174.56 | FN8: =IF(AU8<>-999,AU8*$FL8, -999) -> 215374.68 | FO8: =IF(AV8<>-999,AV8*$FL8, -999) -> 1188549.2 | FP8: =-19.943+0.435*(100+83.36-27.092-93.78) -> 7.23928 | FQ8: =IF(AW8<>-999,AW8*$FP8, -999) -> 757876.67 | FR8: =IF(AX8<>-999,AX8*$FP8, -999) -> 167727.45 | FS8: =IF(AY8<>-999,AY8*$FP8, -999) -> 925604.12 | FT8: =-25.871+0.435*(100+83.36-27.092-93.78) -> 1.31128 | FU8: =IF(AZ8<>-999,AZ8*$FT8, -999) -> 608358.83 | FV8: =IF(BA8<>-999,BA8*$FT8, -999) -> 134637.08 | FW8: =IF(BB8<>-999,BB8*$FT8, -999) -> 742995.91 | FX8: =-25.245+0.435*(100+83.36-27.092-93.78) -> 1.93728 | FY8: =IF(BC8<>-999, BC8*$FX8, -999) -> 199430.56 | FZ8: =IF(BD8<>-999, BD8*$FX8, -999) -> 44136.479 | GA8: =IF(BE8<>-999, BE8*$FX8, -999) -> 243567.03 | GB8: =-29.317+0.435*(100+83.36-27.092-93.78) -> -2.13472 | GC8: =IF(BF8<>-999,BF8*$GB8, -999) -> -236693.43 | GD8: =IF(BG8<>-999,BG8*$GB8, -999) -> -52383.071 | GE8: =IF(BH8<>-999,BH8*$GB8, -999) -> -289076.5 | GF8: =-38.03+0.435*(100+83.36-27.092-93.78) -> -10.84772 | GG8: =IF(BI8<>-999,BI8*$GF8, -999) -> -5330214.3 | GH8: =IF(BJ8<>-999,BJ8*$GF8, -999) -> -1179640.9 | GI8: =IF(BK8<>-999,BK8*$GF8, -999) -> -6509855.2 | GJ8: =FO8+FS8+FW8+GA8+GE8+GI8 -> -3698215.4
A9: Utah | B9: Juab | C9: 18 | D9: 0.993 | E9: 47.864017 | F9: 0.79262083 | G9: 112.03261 | H9: 0.81549103 | I9: 31045.2 | J9: 94897.9 | K9: =IF(J9<>-999, I9+J9, I9) -> 125943.1 | L9: 28703.4 | M9: 87739.7 | N9: =IF(M9<>-999, L9+M9, L9) -> 116443.1 | O9: 47711 | P9: 145841.5 | Q9: =IF(P9<>-999, O9+P9, O9) -> 193552.5 | R9: 35947.4 | S9: 109882.8 | T9: =IF(S9<>-999, R9+S9, R9) -> 145830.2 | U9: 33235.9 | V9: 101594.3 | W9: =IF(V9<>-999, U9+V9, U9) -> 134830.2 | X9: 55244.9 | Y9: 168870.7 | Z9: =IF(Y9<>-999, X9+Y9, X9) -> 224115.6 | AA9: 263524 | AB9: 327881.8 | AC9: 591405.9 | AD9: 243646.5 | AE9: 303149.8 | AF9: 546796.2 | AG9: 404990.7 | AH9: 503897.4 | AI9: 908888.1 | AJ9: 305136 | AK9: 379656.3 | AL9: 684792.3 | AM9: 282119.7 | AN9: 351018.9 | AO9: 633138.5 | AP9: 468941.1 | AQ9: 583465.8 | AR9: 1052406.8 | AS9: 4417427.9 | AT9: =IF(AA9<>-999,AA9*0.5*3.67*0.907185, -999) -> 438684.31 | AU9: =IF(AB9<>-999,AB9*0.5*3.67*0.907185, -999) -> 545819.74 | AV9: =IF(AC9<>-999,AC9*0.5*3.67*0.907185, -999) -> 984504.22 | AW9: =IF(AD9<>-999,AD9*0.5*3.67*0.907185, -999) -> 405594.55 | AX9: =IF(AE9<>-999,AE9*0.5*3.67*0.907185, -999) -> 504648.77 | AY9: =IF(AF9<>-999,AF9*0.5*3.67*0.907185, -999) -> 910243.15 | AZ9: =IF(AG9<>-999,AG9*0.5*3.67*0.907185, -999) -> 674181.73 | BA9: =IF(AH9<>-999,AH9*0.5*3.67*0.907185, -999) -> 838830.18 | ... BL9: =IF(AS9<>-999,AS9*0.5*3.67*0.907185, -999) -> 7353623.6 | BM9: =-17.17-(0.1023*E9)+F9*(100-8.576-13.681) -> 39.554232 | BN9: =IF(AT9<>-999,AT9*$BM9, -999) -> 17351821 | BO9: =IF(AU9<>-999,AU9*$BM9, -999) -> 21589481 | BP9: =IF(AV9<>-999,AV9*$BM9, -999) -> 38941308 | BQ9: =-19.943-(0.1023*E9)+F9*(100-8.576-13.681) -> 36.781232 | BR9: =IF(AW9<>-999,AW9*$BQ9, -999) -> 14918267 | BS9: =IF(AX9<>-999,AX9*$BQ9, -999) -> 18561603 | BT9: =IF(AY9<>-999,AY9*$BQ9, -999) -> 33479864 | BU9: =-25.871-(0.1023*E9)+F9*(100-8.576-13.681) -> 30.853232 | BV9: =IF(AZ9<>-999,AZ9*$BU9, -999) -> 20800685 | BW9: =IF(BA9<>-999,BA9*$BU9, -999) -> 25880622 | BX9: =IF(BB9<>-999,BB9*$BU9, -999) -> 46681308 | BY9: =-25.245-(0.1023*E9)+F9*(100-8.576-13.681) -> 31.479232 | BZ9: =IF(BC9<>-999,BC9*$BY9, -999) -> 15990038 | CA9: =IF(BD9<>-999,BD9*$BY9, -999) -> 19895125 | CB9: =IF(BE9<>-999,BE9*$BY9, -999) -> 35885163 | CC9: =-29.317-(0.1023*E9)+F9*(100-8.576-13.681) -> 27.407232 | CD9: =IF(BF9<>-999,BF9*$CC9, -999) -> 12871540 | CE9: =IF(BG9<>-999,BG9*$CC9, -999) -> 16015025 | CF9: =IF(BH9<>-999,BH9*$CC9, -999) -> 28886560 | CG9: =-38.03-(0.1023*E9)+F9*(100-8.576-13.681) -> 18.694232 | CH9: =IF(BI9<>-999,BI9*$CG9, -999) -> 14593446 | CI9: =IF(BJ9<>-999,BJ9*$CG9, -999) -> 18157455 | CJ9: =IF(BK9<>-999,BK9*$CG9, -999) -> 32750897 | CK9: =BP9+BT9+BX9+CB9+CF9+CJ9 -> 2.166251e+08 | CL9: =((-55.825+0.1023*$E9)/$F9)+8.576+13.681 -> -41.996309 | CM9: =((-10.38+0.1023*$E9)/$F9)+8.576+13.681 -> 15.338798 | CN9: =((-100.485+0.1023*$E9)/$F9)+8.576+13.681 -> -98.341031 | CO9: =-17.17-22.91 -> -40.08 | CP9: =IF(AT9<>-999,AT9*$CO9, -999) -> -17582467 | CQ9: =IF(AU9<>-999,AU9*$CO9, -999) -> -21876455 | CR9: =IF(AV9<>-999,AV9*$CO9, -999) -> -39458929 | CS9: =-19.943-22.91 -> -42.853 | CT9: =IF(AW9<>-999,AW9*$CS9, -999) -> -17380943 | CU9: =IF(AX9<>-999,AX9*$CS9, -999) -> -21625714 | CV9: =IF(AY9<>-999,AY9*$CS9, -999) -> -39006649 | CW9: =-25.871-22.91 -> -48.781 | CX9: =IF(AZ9<>-999,AZ9*$CO9, -999) -> -27021204 | CY9: =IF(BA9<>-999,BA9*$CO9, -999) -> -33620314 | CZ9: =IF(BB9<>-999,BB9*$CO9, -999) -> -60641517 | DA9: =-25.245-22.91 -> -48.155 | DB9: =IF(BC9<>-999,BC9*$DA9, -999) -> -24460581 | DC9: =IF(BD9<>-999,BD9*$DA9, -999) -> -30434343 | DD9: =IF(BE9<>-999,BE9*$DA9, -999) -> -54894924 | DE9: =-29.317-22.91 -> -52.227 | DF9: =IF(BF9<>-999,BF9*$DE9, -999) -> -24527903 | DG9: =IF(BG9<>-999,BG9*$DE9, -999) -> -30518101 | DH9: =IF(BH9<>-999,BH9*$DE9, -999) -> -55045996 | DI9: =-38.03-22.91 -> -60.94 | DJ9: =IF(BI9<>-999,BI9*$DI9, -999) -> -47572139 | DK9: =IF(BJ9<>-999,BJ9*$DI9, -999) -> -59190197 | DL9: =IF(BK9<>-999,BK9*$DI9, -999) -> -1.0676233e+08 | DM9: =CR9+CV9+CZ9+DD9+DH9+DL9 -> -3.5581034e+08 | DN9: =-17.17 -> -17.17 | DO9: =IF(AT9<>-999,AT9*$DN9, -999) -> -7532209.6 | DP9: =IF(AU9<>-999,AU9*$DN9, -999) -> -9371725 | DQ9: =IF(AV9<>-999,AV9*$DN9, -999) -> -16903937 | DR9: =-19.943 -> -19.943 | DS9: =IF(AW9<>-999,AW9*$DR9, -999) -> -8088772 | DT9: =IF(AX9<>-999,AX9*$DR9, -999) -> -10064210 | DU9: =IF(AY9<>-999,AY9*$DR9, -999) -> -18152979 | DV9: =-25.871 -> -25.871 | DW9: =IF(AZ9<>-999,AZ9*$DV9, -999) -> -17441756 | DX9: =IF(BA9<>-999,BA9*$DV9, -999) -> -21701376 | DY9: =IF(BB9<>-999,BB9*$DV9, -999) -> -39143131 | DZ9: =-25.245 -> -25.245 | EA9: =IF(BC9<>-999, BC9*$DZ9, -999) -> -12823328 | EB9: =IF(BD9<>-999, BD9*$DZ9, -999) -> -15955041 | EC9: =IF(BE9<>-999, BE9*$DZ9, -999) -> -28778369 | ED9: =-29.317 -> -29.317 | EE9: =IF(BF9<>-999,BF9*$ED9, -999) -> -13768444 | EF9: =IF(BG9<>-999,BG9*$ED9, -999) -> -17130970 | EG9: =IF(BH9<>-999,BH9*$ED9, -999) -> -30899409 | EH9: =-38.03 -> -38.03 | EI9: =IF(BI9<>-999,BI9*$EH9, -999) -> -29687700 | EJ9: =IF(BJ9<>-999,BJ9*$EH9, -999) -> -36938024 | EK9: =IF(BK9<>-999,BK9*$EH9, -999) -> -66625718 | EL9: =DQ9+DU9+DY9+EC9+EG9+EK9 -> -2.0050354e+08 | EM9: =-17.17-(0.1023*G9)+H9*(100+102.093-66.644-64.243) -> 29.436918 | EN9: =IF(AT9<>-999,AT9*$EM9, -999) -> 12913514 | EO9: =IF(AU9<>-999,AU9*$EM9, -999) -> 16067251 | EP9: =IF(AV9<>-999,AV9*$EM9, -999) -> 28980770 | EQ9: =-19.943-(0.1023*G9)+H9*(100+102.093-66.644-64.243) -> 26.663918 | ER9: =IF(AW9<>-999,AW9*$EQ9, -999) -> 10814740 | ES9: =IF(AX9<>-999,AX9*$EQ9, -999) -> 13455913 | ET9: =IF(AY9<>-999,AY9*$EQ9, -999) -> 24270648 | EU9: =-25.871-(0.1023*G9)+H9*(100+102.093-66.644-64.243) -> 20.735918 | EV9: =IF(AZ9<>-999,AZ9*$EU9, -999) -> 13979777 | EW9: =IF(BA9<>-999,BA9*$EU9, -999) -> 17393914 | EX9: =IF(BB9<>-999,BB9*$EU9, -999) -> 31373691 | EY9: =-25.245-(0.1023*G9)+H9*(100+102.093-66.644-64.243) -> 21.361918 | EZ9: =IF(BC9<>-999, BC9*$EY9, -999) -> 10850896 | FA9: =IF(BD9<>-999, BD9*$EY9, -999) -> 13500902 | FB9: =IF(BE9<>-999, BE9*$EY9, -999) -> 24351798 | FC9: =-29.317-(0.1023*G9)+H9*(100+102.093-66.644-64.243) -> 17.289918 | FD9: =IF(BF9<>-999,BF9*$FC9, -999) -> 8120041.9 | FE9: =IF(BG9<>-999,BG9*$FC9, -999) -> 10103116 | FF9: =IF(BH9<>-999,BH9*$FC9, -999) -> 18223155 | FG9: =-38.03-(0.1023*G9)+H9*(100+102.093-66.644-64.243) -> 8.5769178 | FH9: =IF(BI9<>-999,BI9*$FG9, -999) -> 6695476.3 | FI9: =IF(BJ9<>-999,BJ9*$FG9, -999) -> 8330644.1 | FJ9: =IF(BK9<>-999,BK9*$FG9, -999) -> 15026119 | FK9: =EP9+ET9+EX9+FB9+FF9+FJ9 -> 1.4222618e+08 | FL9: =-17.17+0.435*(100+83.36-27.092-93.78) -> 10.01228 | FM9: =IF(AT9<>-999,AT9*$FL9, -999) -> 4392230.2 | FN9: =IF(AU9<>-999,AU9*$FL9, -999) -> 5464900.1 | FO9: =IF(AV9<>-999,AV9*$FL9, -999) -> 9857131.9 | FP9: =-19.943+0.435*(100+83.36-27.092-93.78) -> 7.23928 | FQ9: =IF(AW9<>-999,AW9*$FP9, -999) -> 2936212.5 | FR9: =IF(AX9<>-999,AX9*$FP9, -999) -> 3653293.7 | FS9: =IF(AY9<>-999,AY9*$FP9, -999) -> 6589505 | FT9: =-25.871+0.435*(100+83.36-27.092-93.78) -> 1.31128 | FU9: =IF(AZ9<>-999,AZ9*$FT9, -999) -> 884041.02 | FV9: =IF(BA9<>-999,BA9*$FT9, -999) -> 1099941.2 | FW9: =IF(BB9<>-999,BB9*$FT9, -999) -> 1983982.3 | FX9: =-25.245+0.435*(100+83.36-27.092-93.78) -> 1.93728 | FY9: =IF(BC9<>-999, BC9*$FX9, -999) -> 984051.38 | FZ9: =IF(BD9<>-999, BD9*$FX9, -999) -> 1224376.4 | GA9: =IF(BE9<>-999, BE9*$FX9, -999) -> 2208427.7 | GB9: =-29.317+0.435*(100+83.36-27.092-93.78) -> -2.13472 | GC9: =IF(BF9<>-999,BF9*$GB9, -999) -> -1002550.5 | GD9: =IF(BG9<>-999,BG9*$GB9, -999) -> -1247393.1 | GE9: =IF(BH9<>-999,BH9*$GB9, -999) -> -2249943.3 | GF9: =-38.03+0.435*(100+83.36-27.092-93.78) -> -10.84772 | GG9: =IF(BI9<>-999,BI9*$GF9, -999) -> -8468153 | GH9: =IF(BJ9<>-999,BJ9*$GF9, -999) -> -10536244 | GI9: =IF(BK9<>-999,BK9*$GF9, -999) -> -19004395 | GJ9: =FO9+FS9+FW9+GA9+GE9+GI9 -> -615291.08
A10: Utah | B10: Summit | C10: 46 | D10: 0.993 | E10: 184.77445 | F10: 0.78322481 | G10: 105.81619 | H10: 0.81582587 | I10: 11257.8 | J10: -999 | K10: =IF(J10<>-999, I10+J10, I10) -> 11257.8 | L10: 1229.8 | M10: -999 | N10: =IF(M10<>-999, L10+M10, L10) -> 1229.8 | O10: 21909.5 | P10: -999 | Q10: =IF(P10<>-999, O10+P10, O10) -> 21909.5 | R10: 22402.8 | S10: -999 | T10: =IF(S10<>-999, R10+S10, R10) -> 22402.8 | U10: 2447.3 | V10: -999 | W10: =IF(V10<>-999, U10+V10, U10) -> 2447.3 | X10: 43599.5 | Y10: -999 | Z10: =IF(Y10<>-999, X10+Y10, X10) -> 43599.5 | AA10: 113413.7 | AB10: -999 | AC10: 113413.7 | AD10: 12389.4 | AE10: -999 | AF10: 12389.4 | AG10: 220722 | AH10: -999 | AI10: 220722 | AJ10: 225690.7 | AK10: -999 | AL10: 225690.7 | AM10: 24654.6 | AN10: -999 | AO10: 24654.6 | AP10: 439231.7 | AQ10: -999 | AR10: 439231.7 | AS10: 1036102 | AT10: =IF(AA10<>-999,AA10*0.5*3.67*0.907185, -999) -> 188798.03 | AU10: =IF(AB10<>-999,AB10*0.5*3.67*0.907185, -999) -> -999 | AV10: =IF(AC10<>-999,AC10*0.5*3.67*0.907185, -999) -> 188798.03 | AW10: =IF(AD10<>-999,AD10*0.5*3.67*0.907185, -999) -> 20624.442 | AX10: =IF(AE10<>-999,AE10*0.5*3.67*0.907185, -999) -> -999 | AY10: =IF(AF10<>-999,AF10*0.5*3.67*0.907185, -999) -> 20624.442 | AZ10: =IF(AG10<>-999,AG10*0.5*3.67*0.907185, -999) -> 367432.49 | BA10: =IF(AH10<>-999,AH10*0.5*3.67*0.907185, -999) -> -999 | ... BL10: =IF(AS10<>-999,AS10*0.5*3.67*0.907185, -999) -> 1724782.8 | BM10: =-17.17-(0.1023*E10)+F10*(100-8.576-13.681) -> 24.81782 | BN10: =IF(AT10<>-999,AT10*$BM10, -999) -> 4685555.4 | BO10: =IF(AU10<>-999,AU10*$BM10, -999) -> -999 | BP10: =IF(AV10<>-999,AV10*$BM10, -999) -> 4685555.4 | BQ10: =-19.943-(0.1023*E10)+F10*(100-8.576-13.681) -> 22.04482 | BR10: =IF(AW10<>-999,AW10*$BQ10, -999) -> 454662.11 | BS10: =IF(AX10<>-999,AX10*$BQ10, -999) -> -999 | BT10: =IF(AY10<>-999,AY10*$BQ10, -999) -> 454662.11 | BU10: =-25.871-(0.1023*E10)+F10*(100-8.576-13.681) -> 16.11682 | BV10: =IF(AZ10<>-999,AZ10*$BU10, -999) -> 5921843.2 | BW10: =IF(BA10<>-999,BA10*$BU10, -999) -> -999 | BX10: =IF(BB10<>-999,BB10*$BU10, -999) -> 5921843.2 | BY10: =-25.245-(0.1023*E10)+F10*(100-8.576-13.681) -> 16.74282 | BZ10: =IF(BC10<>-999,BC10*$BY10, -999) -> 6290341.1 | CA10: =IF(BD10<>-999,BD10*$BY10, -999) -> -999 | CB10: =IF(BE10<>-999,BE10*$BY10, -999) -> 6290341.1 | CC10: =-29.317-(0.1023*E10)+F10*(100-8.576-13.681) -> 12.67082 | CD10: =IF(BF10<>-999,BF10*$CC10, -999) -> 520037.44 | CE10: =IF(BG10<>-999,BG10*$CC10, -999) -> -999 | CF10: =IF(BH10<>-999,BH10*$CC10, -999) -> 520037.44 | CG10: =-38.03-(0.1023*E10)+F10*(100-8.576-13.681) -> 3.9578199 | CH10: =IF(BI10<>-999,BI10*$CG10, -999) -> 2893887.4 | CI10: =IF(BJ10<>-999,BJ10*$CG10, -999) -> -999 | CJ10: =IF(BK10<>-999,BK10*$CG10, -999) -> 2893887.4 | CK10: =BP10+BT10+BX10+CB10+CF10+CJ10 -> 20766327 | CL10: =((-55.825+0.1023*$E10)/$F10)+8.576+13.681 -> -24.884731 | CM10: =((-10.38+0.1023*$E10)/$F10)+8.576+13.681 -> 33.138201 | CN10: =((-100.485+0.1023*$E10)/$F10)+8.576+13.681 -> -81.905397 | CO10: =-17.17-22.91 -> -40.08 | CP10: =IF(AT10<>-999,AT10*$CO10, -999) -> -7567024.9 | CQ10: =IF(AU10<>-999,AU10*$CO10, -999) -> -999 | CR10: =IF(AV10<>-999,AV10*$CO10, -999) -> -7567024.9 | CS10: =-19.943-22.91 -> -42.853 | CT10: =IF(AW10<>-999,AW10*$CS10, -999) -> -883819.21 | CU10: =IF(AX10<>-999,AX10*$CS10, -999) -> -999 | CV10: =IF(AY10<>-999,AY10*$CS10, -999) -> -883819.21 | CW10: =-25.871-22.91 -> -48.781 | CX10: =IF(AZ10<>-999,AZ10*$CO10, -999) -> -14726694 | CY10: =IF(BA10<>-999,BA10*$CO10, -999) -> -999 | CZ10: =IF(BB10<>-999,BB10*$CO10, -999) -> -14726694 | DA10: =-25.245-22.91 -> -48.155 | DB10: =IF(BC10<>-999,BC10*$DA10, -999) -> -18092017 | DC10: =IF(BD10<>-999,BD10*$DA10, -999) -> -999 | DD10: =IF(BE10<>-999,BE10*$DA10, -999) -> -18092017 | DE10: =-29.317-22.91 -> -52.227 | DF10: =IF(BF10<>-999,BF10*$DE10, -999) -> -2143507.3 | DG10: =IF(BG10<>-999,BG10*$DE10, -999) -> -999 | DH10: =IF(BH10<>-999,BH10*$DE10, -999) -> -2143507.3 | DI10: =-38.03-22.91 -> -60.94 | DJ10: =IF(BI10<>-999,BI10*$DI10, -999) -> -44558243 | DK10: =IF(BJ10<>-999,BJ10*$DI10, -999) -> -999 | DL10: =IF(BK10<>-999,BK10*$DI10, -999) -> -44558243 | DM10: =CR10+CV10+CZ10+DD10+DH10+DL10 -> -87971305 | DN10: =-17.17 -> -17.17 | DO10: =IF(AT10<>-999,AT10*$DN10, -999) -> -3241662.1 | DP10: =IF(AU10<>-999,AU10*$DN10, -999) -> -999 | DQ10: =IF(AV10<>-999,AV10*$DN10, -999) -> -3241662.1 | DR10: =-19.943 -> -19.943 | DS10: =IF(AW10<>-999,AW10*$DR10, -999) -> -411313.24 | DT10: =IF(AX10<>-999,AX10*$DR10, -999) -> -999 | DU10: =IF(AY10<>-999,AY10*$DR10, -999) -> -411313.24 | DV10: =-25.871 -> -25.871 | DW10: =IF(AZ10<>-999,AZ10*$DV10, -999) -> -9505845.9 | DX10: =IF(BA10<>-999,BA10*$DV10, -999) -> -999 | DY10: =IF(BB10<>-999,BB10*$DV10, -999) -> -9505845.9 | DZ10: =-25.245 -> -25.245 | EA10: =IF(BC10<>-999, BC10*$DZ10, -999) -> -9484642.5 | EB10: =IF(BD10<>-999, BD10*$DZ10, -999) -> -999 | EC10: =IF(BE10<>-999, BE10*$DZ10, -999) -> -9484642.5 | ED10: =-29.317 -> -29.317 | EE10: =IF(BF10<>-999,BF10*$ED10, -999) -> -1203232.1 | EF10: =IF(BG10<>-999,BG10*$ED10, -999) -> -999 | EG10: =IF(BH10<>-999,BH10*$ED10, -999) -> -1203232.1 | EH10: =-38.03 -> -38.03 | EI10: =IF(BI10<>-999,BI10*$EH10, -999) -> -27806859 | EJ10: =IF(BJ10<>-999,BJ10*$EH10, -999) -> -999 | EK10: =IF(BK10<>-999,BK10*$EH10, -999) -> -27806859 | EL10: =DQ10+DU10+DY10+EC10+EG10+EK10 -> -51653555 | EM10: =-17.17-(0.1023*G10)+H10*(100+102.093-66.644-64.243) -> 30.096701 | EN10: =IF(AT10<>-999,AT10*$EM10, -999) -> 5682197.7 | EO10: =IF(AU10<>-999,AU10*$EM10, -999) -> -999 | EP10: =IF(AV10<>-999,AV10*$EM10, -999) -> 5682197.7 | EQ10: =-19.943-(0.1023*G10)+H10*(100+102.093-66.644-64.243) -> 27.323701 | ER10: =IF(AW10<>-999,AW10*$EQ10, -999) -> 563536.08 | ES10: =IF(AX10<>-999,AX10*$EQ10, -999) -> -999 | ET10: =IF(AY10<>-999,AY10*$EQ10, -999) -> 563536.08 | EU10: =-25.871-(0.1023*G10)+H10*(100+102.093-66.644-64.243) -> 21.395701 | EV10: =IF(AZ10<>-999,AZ10*$EU10, -999) -> 7861475.6 | EW10: =IF(BA10<>-999,BA10*$EU10, -999) -> -999 | EX10: =IF(BB10<>-999,BB10*$EU10, -999) -> 7861475.6 | EY10: =-25.245-(0.1023*G10)+H10*(100+102.093-66.644-64.243) -> 22.021701 | EZ10: =IF(BC10<>-999, BC10*$EY10, -999) -> 8273636.8 | FA10: =IF(BD10<>-999, BD10*$EY10, -999) -> -999 | FB10: =IF(BE10<>-999, BE10*$EY10, -999) -> 8273636.8 | FC10: =-29.317-(0.1023*G10)+H10*(100+102.093-66.644-64.243) -> 17.949701 | FD10: =IF(BF10<>-999,BF10*$FC10, -999) -> 736693.96 | FE10: =IF(BG10<>-999,BG10*$FC10, -999) -> -999 | FF10: =IF(BH10<>-999,BH10*$FC10, -999) -> 736693.96 | FG10: =-38.03-(0.1023*G10)+H10*(100+102.093-66.644-64.243) -> 9.236701 | FH10: =IF(BI10<>-999,BI10*$FG10, -999) -> 6753711.3 | FI10: =IF(BJ10<>-999,BJ10*$FG10, -999) -> -999 | FJ10: =IF(BK10<>-999,BK10*$FG10, -999) -> 6753711.3 | FK10: =EP10+ET10+EX10+FB10+FF10+FJ10 -> 29871252 | FL10: =-17.17+0.435*(100+83.36-27.092-93.78) -> 10.01228 | FM10: =IF(AT10<>-999,AT10*$FL10, -999) -> 1890298.7 | FN10: =IF(AU10<>-999,AU10*$FL10, -999) -> -999 | FO10: =IF(AV10<>-999,AV10*$FL10, -999) -> 1890298.7 | FP10: =-19.943+0.435*(100+83.36-27.092-93.78) -> 7.23928 | FQ10: =IF(AW10<>-999,AW10*$FP10, -999) -> 149306.11 | FR10: =IF(AX10<>-999,AX10*$FP10, -999) -> -999 | FS10: =IF(AY10<>-999,AY10*$FP10, -999) -> 149306.11 | FT10: =-25.871+0.435*(100+83.36-27.092-93.78) -> 1.31128 | FU10: =IF(AZ10<>-999,AZ10*$FT10, -999) -> 481806.87 | FV10: =IF(BA10<>-999,BA10*$FT10, -999) -> -999 | FW10: =IF(BB10<>-999,BB10*$FT10, -999) -> 481806.87 | FX10: =-25.245+0.435*(100+83.36-27.092-93.78) -> 1.93728 | FY10: =IF(BC10<>-999, BC10*$FX10, -999) -> 727843.47 | FZ10: =IF(BD10<>-999, BD10*$FX10, -999) -> -999 | GA10: =IF(BE10<>-999, BE10*$FX10, -999) -> 727843.47 | GB10: =-29.317+0.435*(100+83.36-27.092-93.78) -> -2.13472 | GC10: =IF(BF10<>-999,BF10*$GB10, -999) -> -87613.455 | GD10: =IF(BG10<>-999,BG10*$GB10, -999) -> -999 | GE10: =IF(BH10<>-999,BH10*$GB10, -999) -> -87613.455 | GF10: =-38.03+0.435*(100+83.36-27.092-93.78) -> -10.84772 | GG10: =IF(BI10<>-999,BI10*$GF10, -999) -> -7931659.7 | GH10: =IF(BJ10<>-999,BJ10*$GF10, -999) -> -999 | GI10: =IF(BK10<>-999,BK10*$GF10, -999) -> -7931659.7 | GJ10: =FO10+FS10+FW10+GA10+GE10+GI10 -> -4770018
A11: California | B11: Plumas | C11: 165 | D11: 0.993 | E11: 222.49294 | F11: 0.77859424 | G11: 86.597348 | H11: 0.81689523 | I11: 9969 | J11: -999 | K11: =IF(J11<>-999, I11+J11, I11) -> 9969 | L11: 6174 | M11: -999 | N11: =IF(M11<>-999, L11+M11, L11) -> 6174 | O11: 45894.6 | P11: -999 | Q11: =IF(P11<>-999, O11+P11, O11) -> 45894.6 | R11: 7726.6 | S11: -999 | T11: =IF(S11<>-999, R11+S11, R11) -> 7726.6 | U11: 4785.2 | V11: -999 | W11: =IF(V11<>-999, U11+V11, U11) -> 4785.2 | X11: 35571.4 | Y11: -999 | Z11: =IF(Y11<>-999, X11+Y11, X11) -> 35571.4 | AA11: 132921.9 | AB11: -999 | AC11: 132921.9 | AD11: 82320.9 | AE11: -999 | AF11: 82320.9 | AG11: 611938.3 | AH11: -999 | AI11: 611938.3 | AJ11: 103023.3 | AK11: -999 | AL11: 103023.3 | AM11: 63804.2 | AN11: -999 | AO11: 63804.2 | AP11: 474293 | AQ11: -999 | AR11: 474293 | AS11: 1468301.6 | AT11: =IF(AA11<>-999,AA11*0.5*3.67*0.907185, -999) -> 221273.02 | AU11: =IF(AB11<>-999,AB11*0.5*3.67*0.907185, -999) -> -999 | AV11: =IF(AC11<>-999,AC11*0.5*3.67*0.907185, -999) -> 221273.02 | AW11: =IF(AD11<>-999,AD11*0.5*3.67*0.907185, -999) -> 137038.32 | AX11: =IF(AE11<>-999,AE11*0.5*3.67*0.907185, -999) -> -999 | AY11: =IF(AF11<>-999,AF11*0.5*3.67*0.907185, -999) -> 137038.32 | AZ11: =IF(AG11<>-999,AG11*0.5*3.67*0.907185, -999) -> 1018684.2 | BA11: =IF(AH11<>-999,AH11*0.5*3.67*0.907185, -999) -> -999 | ... BL11: =IF(AS11<>-999,AS11*0.5*3.67*0.907185, -999) -> 2444258.8 | BM11: =-17.17-(0.1023*E11)+F11*(100-8.576-13.681) -> 20.599224 | BN11: =IF(AT11<>-999,AT11*$BM11, -999) -> 4558052.5 | BO11: =IF(AU11<>-999,AU11*$BM11, -999) -> -999 | BP11: =IF(AV11<>-999,AV11*$BM11, -999) -> 4558052.5 | BQ11: =-19.943-(0.1023*E11)+F11*(100-8.576-13.681) -> 17.826224 | BR11: =IF(AW11<>-999,AW11*$BQ11, -999) -> 2442875.8 | BS11: =IF(AX11<>-999,AX11*$BQ11, -999) -> -999 | BT11: =IF(AY11<>-999,AY11*$BQ11, -999) -> 2442875.8 | BU11: =-25.871-(0.1023*E11)+F11*(100-8.576-13.681) -> 11.898224 | BV11: =IF(AZ11<>-999,AZ11*$BU11, -999) -> 12120533 | BW11: =IF(BA11<>-999,BA11*$BU11, -999) -> -999 | BX11: =IF(BB11<>-999,BB11*$BU11, -999) -> 12120533 | BY11: =-25.245-(0.1023*E11)+F11*(100-8.576-13.681) -> 12.524224 | BZ11: =IF(BC11<>-999,BC11*$BY11, -999) -> 2147920.5 | CA11: =IF(BD11<>-999,BD11*$BY11, -999) -> -999 | CB11: =IF(BE11<>-999,BE11*$BY11, -999) -> 2147920.5 | CC11: =-29.317-(0.1023*E11)+F11*(100-8.576-13.681) -> 8.4522239 | CD11: =IF(BF11<>-999,BF11*$CC11, -999) -> 897743.33 | CE11: =IF(BG11<>-999,BG11*$CC11, -999) -> -999 | CF11: =IF(BH11<>-999,BH11*$CC11, -999) -> 897743.33 | CG11: =-38.03-(0.1023*E11)+F11*(100-8.576-13.681) -> -0.26077612 | CH11: =IF(BI11<>-999,BI11*$CG11, -999) -> -205895.31 | CI11: =IF(BJ11<>-999,BJ11*$CG11, -999) -> -999 | CJ11: =IF(BK11<>-999,BK11*$CG11, -999) -> -205895.31 | CK11: =BP11+BT11+BX11+CB11+CF11+CJ11 -> 21961229 | CL11: =((-55.825+0.1023*$E11)/$F11)+8.576+13.681 -> -20.209243 | CM11: =((-10.38+0.1023*$E11)/$F11)+8.576+13.681 -> 38.158772 | CN11: =((-100.485+0.1023*$E11)/$F11)+8.576+13.681 -> -77.56903 | CO11: =-17.17-22.91 -> -40.08 | CP11: =IF(AT11<>-999,AT11*$CO11, -999) -> -8868622.8 | CQ11: =IF(AU11<>-999,AU11*$CO11, -999) -> -999 | CR11: =IF(AV11<>-999,AV11*$CO11, -999) -> -8868622.8 | CS11: =-19.943-22.91 -> -42.853 | CT11: =IF(AW11<>-999,AW11*$CS11, -999) -> -5872503.3 | CU11: =IF(AX11<>-999,AX11*$CS11, -999) -> -999 | CV11: =IF(AY11<>-999,AY11*$CS11, -999) -> -5872503.3 | CW11: =-25.871-22.91 -> -48.781 | CX11: =IF(AZ11<>-999,AZ11*$CO11, -999) -> -40828862 | CY11: =IF(BA11<>-999,BA11*$CO11, -999) -> -999 | CZ11: =IF(BB11<>-999,BB11*$CO11, -999) -> -40828862 | DA11: =-25.245-22.91 -> -48.155 | DB11: =IF(BC11<>-999,BC11*$DA11, -999) -> -8258644.5 | DC11: =IF(BD11<>-999,BD11*$DA11, -999) -> -999 | DD11: =IF(BE11<>-999,BE11*$DA11, -999) -> -8258644.5 | DE11: =-29.317-22.91 -> -52.227 | DF11: =IF(BF11<>-999,BF11*$DE11, -999) -> -5547231.3 | DG11: =IF(BG11<>-999,BG11*$DE11, -999) -> -999 | DH11: =IF(BH11<>-999,BH11*$DE11, -999) -> -5547231.3 | DI11: =-38.03-22.91 -> -60.94 | DJ11: =IF(BI11<>-999,BI11*$DI11, -999) -> -48115067 | DK11: =IF(BJ11<>-999,BJ11*$DI11, -999) -> -999 | DL11: =IF(BK11<>-999,BK11*$DI11, -999) -> -48115067 | DM11: =CR11+CV11+CZ11+DD11+DH11+DL11 -> -1.1749093e+08 | DN11: =-17.17 -> -17.17 | DO11: =IF(AT11<>-999,AT11*$DN11, -999) -> -3799257.8 | DP11: =IF(AU11<>-999,AU11*$DN11, -999) -> -999 | DQ11: =IF(AV11<>-999,AV11*$DN11, -999) -> -3799257.8 | DR11: =-19.943 -> -19.943 | DS11: =IF(AW11<>-999,AW11*$DR11, -999) -> -2732955.3 | DT11: =IF(AX11<>-999,AX11*$DR11, -999) -> -999 | DU11: =IF(AY11<>-999,AY11*$DR11, -999) -> -2732955.3 | DV11: =-25.871 -> -25.871 | DW11: =IF(AZ11<>-999,AZ11*$DV11, -999) -> -26354379 | DX11: =IF(BA11<>-999,BA11*$DV11, -999) -> -999 | DY11: =IF(BB11<>-999,BB11*$DV11, -999) -> -26354379 | DZ11: =-25.245 -> -25.245 | EA11: =IF(BC11<>-999, BC11*$DZ11, -999) -> -4329550 | EB11: =IF(BD11<>-999, BD11*$DZ11, -999) -> -999 | EC11: =IF(BE11<>-999, BE11*$DZ11, -999) -> -4329550 | ED11: =-29.317 -> -29.317 | EE11: =IF(BF11<>-999,BF11*$ED11, -999) -> -3113871.8 | EF11: =IF(BG11<>-999,BG11*$ED11, -999) -> -999 | EG11: =IF(BH11<>-999,BH11*$ED11, -999) -> -3113871.8 | EH11: =-38.03 -> -38.03 | EI11: =IF(BI11<>-999,BI11*$EH11, -999) -> -30026518 | EJ11: =IF(BJ11<>-999,BJ11*$EH11, -999) -> -999 | EK11: =IF(BK11<>-999,BK11*$EH11, -999) -> -30026518 | EL11: =DQ11+DU11+DY11+EC11+EG11+EK11 -> -70356531 | EM11: =-17.17-(0.1023*G11)+H11*(100+102.093-66.644-64.243) -> 32.138933 | EN11: =IF(AT11<>-999,AT11*$EM11, -999) -> 7111478.9 | EO11: =IF(AU11<>-999,AU11*$EM11, -999) -> -999 | EP11: =IF(AV11<>-999,AV11*$EM11, -999) -> 7111478.9 | EQ11: =-19.943-(0.1023*G11)+H11*(100+102.093-66.644-64.243) -> 29.365933 | ER11: =IF(AW11<>-999,AW11*$EQ11, -999) -> 4024258.3 | ES11: =IF(AX11<>-999,AX11*$EQ11, -999) -> -999 | ET11: =IF(AY11<>-999,AY11*$EQ11, -999) -> 4024258.3 | EU11: =-25.871-(0.1023*G11)+H11*(100+102.093-66.644-64.243) -> 23.437933 | EV11: =IF(AZ11<>-999,AZ11*$EU11, -999) -> 23875852 | EW11: =IF(BA11<>-999,BA11*$EU11, -999) -> -999 | EX11: =IF(BB11<>-999,BB11*$EU11, -999) -> 23875852 | EY11: =-25.245-(0.1023*G11)+H11*(100+102.093-66.644-64.243) -> 24.063933 | EZ11: =IF(BC11<>-999, BC11*$EY11, -999) -> 4126995.5 | FA11: =IF(BD11<>-999, BD11*$EY11, -999) -> -999 | FB11: =IF(BE11<>-999, BE11*$EY11, -999) -> 4126995.5 | FC11: =-29.317-(0.1023*G11)+H11*(100+102.093-66.644-64.243) -> 19.991933 | FD11: =IF(BF11<>-999,BF11*$FC11, -999) -> 2123420.4 | FE11: =IF(BG11<>-999,BG11*$FC11, -999) -> -999 | FF11: =IF(BH11<>-999,BH11*$FC11, -999) -> 2123420.4 | FG11: =-38.03-(0.1023*G11)+H11*(100+102.093-66.644-64.243) -> 11.278933 | FH11: =IF(BI11<>-999,BI11*$FG11, -999) -> 8905261.4 | FI11: =IF(BJ11<>-999,BJ11*$FG11, -999) -> -999 | FJ11: =IF(BK11<>-999,BK11*$FG11, -999) -> 8905261.4 | FK11: =EP11+ET11+EX11+FB11+FF11+FJ11 -> 50167266 | FL11: =-17.17+0.435*(100+83.36-27.092-93.78) -> 10.01228 | FM11: =IF(AT11<>-999,AT11*$FL11, -999) -> 2215447.5 | FN11: =IF(AU11<>-999,AU11*$FL11, -999) -> -999 | FO11: =IF(AV11<>-999,AV11*$FL11, -999) -> 2215447.5 | FP11: =-19.943+0.435*(100+83.36-27.092-93.78) -> 7.23928 | FQ11: =IF(AW11<>-999,AW11*$FP11, -999) -> 992058.8 | FR11: =IF(AX11<>-999,AX11*$FP11, -999) -> -999 | FS11: =IF(AY11<>-999,AY11*$FP11, -999) -> 992058.8 | FT11: =-25.871+0.435*(100+83.36-27.092-93.78) -> 1.31128 | FU11: =IF(AZ11<>-999,AZ11*$FT11, -999) -> 1335780.2 | FV11: =IF(BA11<>-999,BA11*$FT11, -999) -> -999 | FW11: =IF(BB11<>-999,BB11*$FT11, -999) -> 1335780.2 | FX11: =-25.245+0.435*(100+83.36-27.092-93.78) -> 1.93728 | FY11: =IF(BC11<>-999, BC11*$FX11, -999) -> 332246.02 | FZ11: =IF(BD11<>-999, BD11*$FX11, -999) -> -999 | GA11: =IF(BE11<>-999, BE11*$FX11, -999) -> 332246.02 | GB11: =-29.317+0.435*(100+83.36-27.092-93.78) -> -2.13472 | GC11: =IF(BF11<>-999,BF11*$GB11, -999) -> -226736.85 | GD11: =IF(BG11<>-999,BG11*$GB11, -999) -> -999 | GE11: =IF(BH11<>-999,BH11*$GB11, -999) -> -226736.85 | GF11: =-38.03+0.435*(100+83.36-27.092-93.78) -> -10.84772 | GG11: =IF(BI11<>-999,BI11*$GF11, -999) -> -8564797.7 | GH11: =IF(BJ11<>-999,BJ11*$GF11, -999) -> -999 | GI11: =IF(BK11<>-999,BK11*$GF11, -999) -> -8564797.7 | GJ11: =FO11+FS11+FW11+GA11+GE11+GI11 -> -3916002.1
A12: California | B12: Trinity | C12: 166 | D12: 0.993 | E12: 237.19995 | F12: 0.75769114 | G12: 99.766734 | H12: 0.81636338 | I12: 1408.8 | J12: 78560.7 | K12: =IF(J12<>-999, I12+J12, I12) -> 79969.5 | L12: 760.9 | M12: 42433.7 | N12: =IF(M12<>-999, L12+M12, L12) -> 43194.6 | O12: 4355.2 | P12: 242865.9 | Q12: =IF(P12<>-999, O12+P12, O12) -> 247221.1 | R12: 668.7 | S12: 37291.5 | T12: =IF(S12<>-999, R12+S12, R12) -> 37960.2 | U12: 361.2 | V12: 20142.6 | W12: =IF(V12<>-999, U12+V12, U12) -> 20503.8 | X12: 2067.4 | Y12: 115284.5 | Z12: =IF(Y12<>-999, X12+Y12, X12) -> 117351.9 | AA12: 3775.3 | AB12: 290156.9 | AC12: 293932.2 | AD12: 2039.2 | AE12: 156725.2 | AF12: 158764.4 | AG12: 11671.3 | AH12: 897003.3 | AI12: 908674.5 | AJ12: 1792.1 | AK12: 137732.8 | AL12: 139524.9 | AM12: 968 | AN12: 74394.9 | AO12: 75362.9 | AP12: 5540.2 | AQ12: 425793 | AR12: 431333.2 | AS12: 2007592.1 | AT12: =IF(AA12<>-999,AA12*0.5*3.67*0.907185, -999) -> 6284.6833 | AU12: =IF(AB12<>-999,AB12*0.5*3.67*0.907185, -999) -> 483019.69 | AV12: =IF(AC12<>-999,AC12*0.5*3.67*0.907185, -999) -> 489304.37 | AW12: =IF(AD12<>-999,AD12*0.5*3.67*0.907185, -999) -> 3394.6246 | AX12: =IF(AE12<>-999,AE12*0.5*3.67*0.907185, -999) -> 260898.01 | AY12: =IF(AF12<>-999,AF12*0.5*3.67*0.907185, -999) -> 264292.63 | AZ12: =IF(AG12<>-999,AG12*0.5*3.67*0.907185, -999) -> 19429.032 | BA12: =IF(AH12<>-999,AH12*0.5*3.67*0.907185, -999) -> 1493227.5 | ... BL12: =IF(AS12<>-999,AS12*0.5*3.67*0.907185, -999) -> 3342007.4 | BM12: =-17.17-(0.1023*E12)+F12*(100-8.576-13.681) -> 17.469627 | BN12: =IF(AT12<>-999,AT12*$BM12, -999) -> 109791.07 | BO12: =IF(AU12<>-999,AU12*$BM12, -999) -> 8438173.8 | BP12: =IF(AV12<>-999,AV12*$BM12, -999) -> 8547964.9 | BQ12: =-19.943-(0.1023*E12)+F12*(100-8.576-13.681) -> 14.696627 | BR12: =IF(AW12<>-999,AW12*$BQ12, -999) -> 49889.532 | BS12: =IF(AX12<>-999,AX12*$BQ12, -999) -> 3834320.7 | BT12: =IF(AY12<>-999,AY12*$BQ12, -999) -> 3884210.3 | BU12: =-25.871-(0.1023*E12)+F12*(100-8.576-13.681) -> 8.7686271 | BV12: =IF(AZ12<>-999,AZ12*$BU12, -999) -> 170365.94 | BW12: =IF(BA12<>-999,BA12*$BU12, -999) -> 13093555 | BX12: =IF(BB12<>-999,BB12*$BU12, -999) -> 13263919 | BY12: =-25.245-(0.1023*E12)+F12*(100-8.576-13.681) -> 9.3946271 | BZ12: =IF(BC12<>-999,BC12*$BY12, -999) -> 28026.813 | CA12: =IF(BD12<>-999,BD12*$BY12, -999) -> 2154015.6 | CB12: =IF(BE12<>-999,BE12*$BY12, -999) -> 2182042.5 | CC12: =-29.317-(0.1023*E12)+F12*(100-8.576-13.681) -> 5.3226271 | CD12: =IF(BF12<>-999,BF12*$CC12, -999) -> 8576.9589 | CE12: =IF(BG12<>-999,BG12*$CC12, -999) -> 659175.62 | CF12: =IF(BH12<>-999,BH12*$CC12, -999) -> 667752.58 | CG12: =-38.03-(0.1023*E12)+F12*(100-8.576-13.681) -> -3.3903729 | CH12: =IF(BI12<>-999,BI12*$CG12, -999) -> -31268.341 | CI12: =IF(BJ12<>-999,BJ12*$CG12, -999) -> -2403133.6 | CJ12: =IF(BK12<>-999,BK12*$CG12, -999) -> -2434401.9 | CK12: =BP12+BT12+BX12+CB12+CF12+CJ12 -> 26111488 | CL12: =((-55.825+0.1023*$E12)/$F12)+8.576+13.681 -> -19.395124 | CM12: =((-10.38+0.1023*$E12)/$F12)+8.576+13.681 -> 40.583141 | CN12: =((-100.485+0.1023*$E12)/$F12)+8.576+13.681 -> -78.337347 | CO12: =-17.17-22.91 -> -40.08 | CP12: =IF(AT12<>-999,AT12*$CO12, -999) -> -251890.11 | CQ12: =IF(AU12<>-999,AU12*$CO12, -999) -> -19359429 | CR12: =IF(AV12<>-999,AV12*$CO12, -999) -> -19611319 | CS12: =-19.943-22.91 -> -42.853 | CT12: =IF(AW12<>-999,AW12*$CS12, -999) -> -145469.85 | CU12: =IF(AX12<>-999,AX12*$CS12, -999) -> -11180262 | CV12: =IF(AY12<>-999,AY12*$CS12, -999) -> -11325732 | CW12: =-25.871-22.91 -> -48.781 | CX12: =IF(AZ12<>-999,AZ12*$CO12, -999) -> -778715.6 | CY12: =IF(BA12<>-999,BA12*$CO12, -999) -> -59848557 | CZ12: =IF(BB12<>-999,BB12*$CO12, -999) -> -60627266 | DA12: =-25.245-22.91 -> -48.155 | DB12: =IF(BC12<>-999,BC12*$DA12, -999) -> -143659.9 | DC12: =IF(BD12<>-999,BD12*$DA12, -999) -> -11041058 | DD12: =IF(BE12<>-999,BE12*$DA12, -999) -> -11184718 | DE12: =-29.317-22.91 -> -52.227 | DF12: =IF(BF12<>-999,BF12*$DE12, -999) -> -84159.349 | DG12: =IF(BG12<>-999,BG12*$DE12, -999) -> -6468002.4 | DH12: =IF(BH12<>-999,BH12*$DE12, -999) -> -6552161.8 | DI12: =-38.03-22.91 -> -60.94 | DJ12: =IF(BI12<>-999,BI12*$DI12, -999) -> -562030.42 | DK12: =IF(BJ12<>-999,BJ12*$DI12, -999) -> -43194942 | DL12: =IF(BK12<>-999,BK12*$DI12, -999) -> -43756973 | DM12: =CR12+CV12+CZ12+DD12+DH12+DL12 -> -1.5305817e+08 | DN12: =-17.17 -> -17.17 | DO12: =IF(AT12<>-999,AT12*$DN12, -999) -> -107908.01 | DP12: =IF(AU12<>-999,AU12*$DN12, -999) -> -8293448 | DQ12: =IF(AV12<>-999,AV12*$DN12, -999) -> -8401356 | DR12: =-19.943 -> -19.943 | DS12: =IF(AW12<>-999,AW12*$DR12, -999) -> -67698.998 | DT12: =IF(AX12<>-999,AX12*$DR12, -999) -> -5203089 | DU12: =IF(AY12<>-999,AY12*$DR12, -999) -> -5270788 | DV12: =-25.871 -> -25.871 | DW12: =IF(AZ12<>-999,AZ12*$DV12, -999) -> -502648.48 | DX12: =IF(BA12<>-999,BA12*$DV12, -999) -> -38631288 | DY12: =IF(BB12<>-999,BB12*$DV12, -999) -> -39133932 | DZ12: =-25.245 -> -25.245 | EA12: =IF(BC12<>-999, BC12*$DZ12, -999) -> -75312.93 | EB12: =IF(BD12<>-999, BD12*$DZ12, -999) -> -5788215.4 | EC12: =IF(BE12<>-999, BE12*$DZ12, -999) -> -5863528.3 | ED12: =-29.317 -> -29.317 | EE12: =IF(BF12<>-999,BF12*$ED12, -999) -> -47241.841 | EF12: =IF(BG12<>-999,BG12*$ED12, -999) -> -3630735.6 | EG12: =IF(BH12<>-999,BH12*$ED12, -999) -> -3677977.4 | EH12: =-38.03 -> -38.03 | EI12: =IF(BI12<>-999,BI12*$EH12, -999) -> -350738.71 | EJ12: =IF(BJ12<>-999,BJ12*$EH12, -999) -> -26956082 | EK12: =IF(BK12<>-999,BK12*$EH12, -999) -> -27306821 | EL12: =DQ12+DU12+DY12+EC12+EG12+EK12 -> -89654403 | EM12: =-17.17-(0.1023*G12)+H12*(100+102.093-66.644-64.243) -> 30.753834 | EN12: =IF(AT12<>-999,AT12*$EM12, -999) -> 193278.11 | EO12: =IF(AU12<>-999,AU12*$EM12, -999) -> 14854707 | EP12: =IF(AV12<>-999,AV12*$EM12, -999) -> 15047985 | EQ12: =-19.943-(0.1023*G12)+H12*(100+102.093-66.644-64.243) -> 27.980834 | ER12: =IF(AW12<>-999,AW12*$EQ12, -999) -> 94984.428 | ES12: =IF(AX12<>-999,AX12*$EQ12, -999) -> 7300143.9 | ET12: =IF(AY12<>-999,AY12*$EQ12, -999) -> 7395128.3 | EU12: =-25.871-(0.1023*G12)+H12*(100+102.093-66.644-64.243) -> 22.052834 | EV12: =IF(AZ12<>-999,AZ12*$EU12, -999) -> 428465.22 | EW12: =IF(BA12<>-999,BA12*$EU12, -999) -> 32929898 | EX12: =IF(BB12<>-999,BB12*$EU12, -999) -> 33358359 | EY12: =-25.245-(0.1023*G12)+H12*(100+102.093-66.644-64.243) -> 22.678834 | EZ12: =IF(BC12<>-999, BC12*$EY12, -999) -> 67657.336 | FA12: =IF(BD12<>-999, BD12*$EY12, -999) -> 5199840.6 | FB12: =IF(BE12<>-999, BE12*$EY12, -999) -> 5267498 | FC12: =-29.317-(0.1023*G12)+H12*(100+102.093-66.644-64.243) -> 18.606834 | FD12: =IF(BF12<>-999,BF12*$FC12, -999) -> 29983.324 | FE12: =IF(BG12<>-999,BG12*$FC12, -999) -> 2304345.4 | FF12: =IF(BH12<>-999,BH12*$FC12, -999) -> 2334328.8 | FG12: =-38.03-(0.1023*G12)+H12*(100+102.093-66.644-64.243) -> 9.8938342 | FH12: =IF(BI12<>-999,BI12*$FG12, -999) -> 91247.716 | FI12: =IF(BJ12<>-999,BJ12*$FG12, -999) -> 7012858.5 | FJ12: =IF(BK12<>-999,BK12*$FG12, -999) -> 7104106.2 | FK12: =EP12+ET12+EX12+FB12+FF12+FJ12 -> 70507406 | FL12: =-17.17+0.435*(100+83.36-27.092-93.78) -> 10.01228 | FM12: =IF(AT12<>-999,AT12*$FL12, -999) -> 62924.009 | FN12: =IF(AU12<>-999,AU12*$FL12, -999) -> 4836128.3 | FO12: =IF(AV12<>-999,AV12*$FL12, -999) -> 4899052.4 | FP12: =-19.943+0.435*(100+83.36-27.092-93.78) -> 7.23928 | FQ12: =IF(AW12<>-999,AW12*$FP12, -999) -> 24574.638 | FR12: =IF(AX12<>-999,AX12*$FP12, -999) -> 1888713.7 | FS12: =IF(AY12<>-999,AY12*$FP12, -999) -> 1913288.4 | FT12: =-25.871+0.435*(100+83.36-27.092-93.78) -> 1.31128 | FU12: =IF(AZ12<>-999,AZ12*$FT12, -999) -> 25476.901 | FV12: =IF(BA12<>-999,BA12*$FT12, -999) -> 1958039.3 | FW12: =IF(BB12<>-999,BB12*$FT12, -999) -> 1983516 | FX12: =-25.245+0.435*(100+83.36-27.092-93.78) -> 1.93728 | FY12: =IF(BC12<>-999, BC12*$FX12, -999) -> 5779.4507 | FZ12: =IF(BD12<>-999, BD12*$FX12, -999) -> 444182.76 | GA12: =IF(BE12<>-999, BE12*$FX12, -999) -> 449962.21 | GB12: =-29.317+0.435*(100+83.36-27.092-93.78) -> -2.13472 | GC12: =IF(BF12<>-999,BF12*$GB12, -999) -> -3439.9189 | GD12: =IF(BG12<>-999,BG12*$GB12, -999) -> -264372.34 | GE12: =IF(BH12<>-999,BH12*$GB12, -999) -> -267812.26 | GF12: =-38.03+0.435*(100+83.36-27.092-93.78) -> -10.84772 | GG12: =IF(BI12<>-999,BI12*$GF12, -999) -> -100045.1 | GH12: =IF(BJ12<>-999,BJ12*$GF12, -999) -> -7688983.2 | GI12: =IF(BK12<>-999,BK12*$GF12, -999) -> -7789028.3 | GJ12: =FO12+FS12+FW12+GA12+GE12+GI12 -> 1188978.3
A13: Arizona | B13: Gila | C13: 84 | D13: 0.992 | E13: 220.92871 | F13: 0.78570732 | G13: 170.72524 | H13: 0.81095883 | I13: 13140.1 | J13: 2247.4 | K13: =IF(J13<>-999, I13+J13, I13) -> 15387.5 | L13: 4803.1 | M13: 821.5 | N13: =IF(M13<>-999, L13+M13, L13) -> 5624.6 | O13: 9273.1 | P13: 1586 | Q13: =IF(P13<>-999, O13+P13, O13) -> 10859.1 | R13: 8056.6 | S13: 1377.9 | T13: =IF(S13<>-999, R13+S13, R13) -> 9434.5 | U13: 2944.9 | V13: 503.7 | W13: =IF(V13<>-999, U13+V13, U13) -> 3448.6 | X13: 5685.6 | Y13: 972.4 | Z13: =IF(Y13<>-999, X13+Y13, X13) -> 6658 | AA13: 223066.9 | AB13: 21873.3 | AC13: 244940.2 | AD13: 81538 | AE13: 7995.4 | AF13: 89533.4 | AG13: 157420.4 | AH13: 15436.2 | AI13: 172856.6 | AJ13: 136768.9 | AK13: 13411.2 | AL13: 150180.1 | AM13: 49993.4 | AN13: 4902.2 | AO13: 54895.6 | AP13: 96519.1 | AQ13: 9464.4 | AR13: 105983.5 | AS13: 818389.35 | AT13: =IF(AA13<>-999,AA13*0.5*3.67*0.907185, -999) -> 371336.01 | AU13: =IF(AB13<>-999,AB13*0.5*3.67*0.907185, -999) -> 36412.143 | AV13: =IF(AC13<>-999,AC13*0.5*3.67*0.907185, -999) -> 407748.15 | AW13: =IF(AD13<>-999,AD13*0.5*3.67*0.907185, -999) -> 135735.04 | AX13: =IF(AE13<>-999,AE13*0.5*3.67*0.907185, -999) -> 13309.818 | AY13: =IF(AF13<>-999,AF13*0.5*3.67*0.907185, -999) -> 149044.86 | AZ13: =IF(AG13<>-999,AG13*0.5*3.67*0.907185, -999) -> 262055.3 | BA13: =IF(AH13<>-999,AH13*0.5*3.67*0.907185, -999) -> 25696.402 | ... BL13: =IF(AS13<>-999,AS13*0.5*3.67*0.907185, -999) -> 1362360 | BM13: =-17.17-(0.1023*E13)+F13*(100-8.576-13.681) -> 21.312237 | BN13: =IF(AT13<>-999,AT13*$BM13, -999) -> 7914001.1 | BO13: =IF(AU13<>-999,AU13*$BM13, -999) -> 776024.24 | BP13: =IF(AV13<>-999,AV13*$BM13, -999) -> 8690025.4 | BQ13: =-19.943-(0.1023*E13)+F13*(100-8.576-13.681) -> 18.539237 | BR13: =IF(AW13<>-999,AW13*$BQ13, -999) -> 2516424.2 | BS13: =IF(AX13<>-999,AX13*$BQ13, -999) -> 246753.88 | BT13: =IF(AY13<>-999,AY13*$BQ13, -999) -> 2763178.1 | BU13: =-25.871-(0.1023*E13)+F13*(100-8.576-13.681) -> 12.611237 | BV13: =IF(AZ13<>-999,AZ13*$BU13, -999) -> 3304841.6 | BW13: =IF(BA13<>-999,BA13*$BU13, -999) -> 324063.43 | BX13: =IF(BB13<>-999,BB13*$BU13, -999) -> 3628905 | BY13: =-25.245-(0.1023*E13)+F13*(100-8.576-13.681) -> 13.237237 | BZ13: =IF(BC13<>-999,BC13*$BY13, -999) -> 3013815.4 | CA13: =IF(BD13<>-999,BD13*$BY13, -999) -> 295526.84 | CB13: =IF(BE13<>-999,BE13*$BY13, -999) -> 3309342.2 | CC13: =-29.317-(0.1023*E13)+F13*(100-8.576-13.681) -> 9.1652375 | CD13: =IF(BF13<>-999,BF13*$CC13, -999) -> 762760.73 | CE13: =IF(BG13<>-999,BG13*$CC13, -999) -> 74793.986 | CF13: =IF(BH13<>-999,BH13*$CC13, -999) -> 837554.71 | CG13: =-38.03-(0.1023*E13)+F13*(100-8.576-13.681) -> 0.45223746 | CH13: =IF(BI13<>-999,BI13*$CG13, -999) -> 72662.733 | CI13: =IF(BJ13<>-999,BJ13*$CG13, -999) -> 7125.1096 | CJ13: =IF(BK13<>-999,BK13*$CG13, -999) -> 79787.842 | CK13: =BP13+BT13+BX13+CB13+CF13+CJ13 -> 19308793 | CL13: =((-55.825+0.1023*$E13)/$F13)+8.576+13.681 -> -20.028457 | CM13: =((-10.38+0.1023*$E13)/$F13)+8.576+13.681 -> 37.811147 | CN13: =((-100.485+0.1023*$E13)/$F13)+8.576+13.681 -> -76.86896 | CO13: =-17.17-22.91 -> -40.08 | CP13: =IF(AT13<>-999,AT13*$CO13, -999) -> -14883147 | CQ13: =IF(AU13<>-999,AU13*$CO13, -999) -> -1459398.7 | CR13: =IF(AV13<>-999,AV13*$CO13, -999) -> -16342546 | CS13: =-19.943-22.91 -> -42.853 | CT13: =IF(AW13<>-999,AW13*$CS13, -999) -> -5816653.8 | CU13: =IF(AX13<>-999,AX13*$CS13, -999) -> -570365.64 | CV13: =IF(AY13<>-999,AY13*$CS13, -999) -> -6387019.4 | CW13: =-25.871-22.91 -> -48.781 | CX13: =IF(AZ13<>-999,AZ13*$CO13, -999) -> -10503176 | CY13: =IF(BA13<>-999,BA13*$CO13, -999) -> -1029911.8 | CZ13: =IF(BB13<>-999,BB13*$CO13, -999) -> -11533088 | DA13: =-25.245-22.91 -> -48.155 | DB13: =IF(BC13<>-999,BC13*$DA13, -999) -> -10963789 | DC13: =IF(BD13<>-999,BD13*$DA13, -999) -> -1075080.4 | DD13: =IF(BE13<>-999,BE13*$DA13, -999) -> -12038869 | DE13: =-29.317-22.91 -> -52.227 | DF13: =IF(BF13<>-999,BF13*$DE13, -999) -> -4346500 | DG13: =IF(BG13<>-999,BG13*$DE13, -999) -> -426204.5 | DH13: =IF(BH13<>-999,BH13*$DE13, -999) -> -4772704.5 | DI13: =-38.03-22.91 -> -60.94 | DJ13: =IF(BI13<>-999,BI13*$DI13, -999) -> -9791464.3 | DK13: =IF(BJ13<>-999,BJ13*$DI13, -999) -> -960124.31 | DL13: =IF(BK13<>-999,BK13*$DI13, -999) -> -10751589 | DM13: =CR13+CV13+CZ13+DD13+DH13+DL13 -> -61825816 | DN13: =-17.17 -> -17.17 | DO13: =IF(AT13<>-999,AT13*$DN13, -999) -> -6375839.2 | DP13: =IF(AU13<>-999,AU13*$DN13, -999) -> -625196.49 | DQ13: =IF(AV13<>-999,AV13*$DN13, -999) -> -7001035.7 | DR13: =-19.943 -> -19.943 | DS13: =IF(AW13<>-999,AW13*$DR13, -999) -> -2706964 | DT13: =IF(AX13<>-999,AX13*$DR13, -999) -> -265437.71 | DU13: =IF(AY13<>-999,AY13*$DR13, -999) -> -2972401.7 | DV13: =-25.871 -> -25.871 | DW13: =IF(AZ13<>-999,AZ13*$DV13, -999) -> -6779632.6 | DX13: =IF(BA13<>-999,BA13*$DV13, -999) -> -664791.63 | DY13: =IF(BB13<>-999,BB13*$DV13, -999) -> -7444424.2 | DZ13: =-25.245 -> -25.245 | EA13: =IF(BC13<>-999, BC13*$DZ13, -999) -> -5747707.5 | EB13: =IF(BD13<>-999, BD13*$DZ13, -999) -> -563605.14 | EC13: =IF(BE13<>-999, BE13*$DZ13, -999) -> -6311312.6 | ED13: =-29.317 -> -29.317 | EE13: =IF(BF13<>-999,BF13*$ED13, -999) -> -2439855.6 | EF13: =IF(BG13<>-999,BG13*$ED13, -999) -> -239244.79 | EG13: =IF(BH13<>-999,BH13*$ED13, -999) -> -2679100.4 | EH13: =-38.03 -> -38.03 | EI13: =IF(BI13<>-999,BI13*$EH13, -999) -> -6110426.4 | EJ13: =IF(BJ13<>-999,BJ13*$EH13, -999) -> -599171.77 | EK13: =IF(BK13<>-999,BK13*$EH13, -999) -> -6709598.2 | EL13: =DQ13+DU13+DY13+EC13+EG13+EK13 -> -33117873 | EM13: =-17.17-(0.1023*G13)+H13*(100+102.093-66.644-64.243) -> 23.109942 | EN13: =IF(AT13<>-999,AT13*$EM13, -999) -> 8581553.4 | EO13: =IF(AU13<>-999,AU13*$EM13, -999) -> 841482.5 | EP13: =IF(AV13<>-999,AV13*$EM13, -999) -> 9423035.9 | EQ13: =-19.943-(0.1023*G13)+H13*(100+102.093-66.644-64.243) -> 20.336942 | ER13: =IF(AW13<>-999,AW13*$EQ13, -999) -> 2760435.6 | ES13: =IF(AX13<>-999,AX13*$EQ13, -999) -> 270681 | ET13: =IF(AY13<>-999,AY13*$EQ13, -999) -> 3031116.6 | EU13: =-25.871-(0.1023*G13)+H13*(100+102.093-66.644-64.243) -> 14.408942 | EV13: =IF(AZ13<>-999,AZ13*$EU13, -999) -> 3775939.4 | EW13: =IF(BA13<>-999,BA13*$EU13, -999) -> 370257.96 | EX13: =IF(BB13<>-999,BB13*$EU13, -999) -> 4146197.4 | EY13: =-25.245-(0.1023*G13)+H13*(100+102.093-66.644-64.243) -> 15.034942 | EZ13: =IF(BC13<>-999, BC13*$EY13, -999) -> 3423111.4 | FA13: =IF(BD13<>-999, BD13*$EY13, -999) -> 335661.33 | FB13: =IF(BE13<>-999, BE13*$EY13, -999) -> 3758772.7 | FC13: =-29.317-(0.1023*G13)+H13*(100+102.093-66.644-64.243) -> 10.962942 | FD13: =IF(BF13<>-999,BF13*$FC13, -999) -> 912371.48 | FE13: =IF(BG13<>-999,BG13*$FC13, -999) -> 89464.359 | FF13: =IF(BH13<>-999,BH13*$FC13, -999) -> 1001835.8 | FG13: =-38.03-(0.1023*G13)+H13*(100+102.093-66.644-64.243) -> 2.2499416 | FH13: =IF(BI13<>-999,BI13*$FG13, -999) -> 361506.77 | FI13: =IF(BJ13<>-999,BJ13*$FG13, -999) -> 35448.369 | FJ13: =IF(BK13<>-999,BK13*$FG13, -999) -> 396955.14 | FK13: =EP13+ET13+EX13+FB13+FF13+FJ13 -> 21757914 | FL13: =-17.17+0.435*(100+83.36-27.092-93.78) -> 10.01228 | FM13: =IF(AT13<>-999,AT13*$FL13, -999) -> 3717920.1 | FN13: =IF(AU13<>-999,AU13*$FL13, -999) -> 364568.57 | FO13: =IF(AV13<>-999,AV13*$FL13, -999) -> 4082488.6 | FP13: =-19.943+0.435*(100+83.36-27.092-93.78) -> 7.23928 | FQ13: =IF(AW13<>-999,AW13*$FP13, -999) -> 982623.98 | FR13: =IF(AX13<>-999,AX13*$FP13, -999) -> 96353.501 | FS13: =IF(AY13<>-999,AY13*$FP13, -999) -> 1078977.5 | FT13: =-25.871+0.435*(100+83.36-27.092-93.78) -> 1.31128 | FU13: =IF(AZ13<>-999,AZ13*$FT13, -999) -> 343627.87 | FV13: =IF(BA13<>-999,BA13*$FT13, -999) -> 33695.179 | FW13: =IF(BB13<>-999,BB13*$FT13, -999) -> 377323.05 | FX13: =-25.245+0.435*(100+83.36-27.092-93.78) -> 1.93728 | FY13: =IF(BC13<>-999, BC13*$FX13, -999) -> 441074.22 | FZ13: =IF(BD13<>-999, BD13*$FX13, -999) -> 43250.583 | GA13: =IF(BE13<>-999, BE13*$FX13, -999) -> 484324.81 | GB13: =-29.317+0.435*(100+83.36-27.092-93.78) -> -2.13472 | GC13: =IF(BF13<>-999,BF13*$GB13, -999) -> -177658.31 | GD13: =IF(BG13<>-999,BG13*$GB13, -999) -> -17420.631 | GE13: =IF(BH13<>-999,BH13*$GB13, -999) -> -195078.94 | GF13: =-38.03+0.435*(100+83.36-27.092-93.78) -> -10.84772 | GG13: =IF(BI13<>-999,BI13*$GF13, -999) -> -1742944.9 | GH13: =IF(BJ13<>-999,BJ13*$GF13, -999) -> -170908.43 | GI13: =IF(BK13<>-999,BK13*$GF13, -999) -> -1913853.3 | GJ13: =FO13+FS13+FW13+GA13+GE13+GI13 -> 3914181.7
... A174: Colorado | B174: Chaffee | C174: 73 | D174: 0.401 | E174: 79.117205 | F174: 0.79362284 | G174: 70.073845 | H174: 0.81844489 | I174: 22120.4 | J174: 54879.7 | K174: =IF(J174<>-999, I174+J174, I174) -> 77000.1 | L174: 15734.9 | M174: 39037.4 | N174: =IF(M174<>-999, L174+M174, L174) -> 54772.3 | O174: 52171.7 | P174: 129435.4 | Q174: =IF(P174<>-999, O174+P174, O174) -> 181607.1 | R174: 24217.7 | S174: 60082.9 | T174: =IF(S174<>-999, R174+S174, R174) -> 84300.6 | U174: 17226.7 | V174: 42738.6 | W174: =IF(V174<>-999, U174+V174, U174) -> 59965.3 | X174: 57118.1 | Y174: 141707.2 | Z174: =IF(Y174<>-999, X174+Y174, X174) -> 198825.3 | AA174: 100433 | AB174: 283449.3 | AC174: 383882.4 | AD174: 71440.7 | AE174: 201625.1 | AF174: 273065.9 | AG174: 236874.2 | AH174: 668523.3 | AI174: 905397.4 | AJ174: 109955.1 | AK174: 310323.2 | AL174: 420278.3 | AM174: 78214 | AN174: 220741.2 | AO174: 298955.3 | AP174: 259332.3 | AQ174: 731906 | AR174: 991238.3 | AS174: 3272817.5 | AT174: =IF(AA174<>-999,AA174*0.5*3.67*0.907185, -999) -> 167189.26 | AU174: =IF(AB174<>-999,AB174*0.5*3.67*0.907185, -999) -> 471853.65 | AV174: =IF(AC174<>-999,AC174*0.5*3.67*0.907185, -999) -> 639043.07 | AW174: =IF(AD174<>-999,AD174*0.5*3.67*0.907185, -999) -> 118926.22 | AX174: =IF(AE174<>-999,AE174*0.5*3.67*0.907185, -999) -> 335642.17 | AY174: =IF(AF174<>-999,AF174*0.5*3.67*0.907185, -999) -> 454568.56 | AZ174: =IF(AG174<>-999,AG174*0.5*3.67*0.907185, -999) -> 394320.8 | BA174: =IF(AH174<>-999,AH174*0.5*3.67*0.907185, -999) -> 1112880.4 | ... BL174: =IF(AS174<>-999,AS174*0.5*3.67*0.907185, -999) -> 5448208.5 | BM174: =-17.17-(0.1023*E174)+F174*(100-8.576-13.681) -> 36.43493 | BN174: =IF(AT174<>-999,AT174*$BM174, -999) -> 6091528.8 | BO174: =IF(AU174<>-999,AU174*$BM174, -999) -> 17191955 | BP174: =IF(AV174<>-999,AV174*$BM174, -999) -> 23283490 | BQ174: =-19.943-(0.1023*E174)+F174*(100-8.576-13.681) -> 33.66193 | BR174: =IF(AW174<>-999,AW174*$BQ174, -999) -> 4003286.2 | BS174: =IF(AX174<>-999,AX174*$BQ174, -999) -> 11298363 | BT174: =IF(AY174<>-999,AY174*$BQ174, -999) -> 15301655 | BU174: =-25.871-(0.1023*E174)+F174*(100-8.576-13.681) -> 27.73393 | BV174: =IF(AZ174<>-999,AZ174*$BU174, -999) -> 10936066 | BW174: =IF(BA174<>-999,BA174*$BU174, -999) -> 30864546 | BX174: =IF(BB174<>-999,BB174*$BU174, -999) -> 41800607 | BY174: =-25.245-(0.1023*E174)+F174*(100-8.576-13.681) -> 28.35993 | BZ174: =IF(BC174<>-999,BC174*$BY174, -999) -> 5191017.1 | CA174: =IF(BD174<>-999,BD174*$BY174, -999) -> 14650462 | CB174: =IF(BE174<>-999,BE174*$BY174, -999) -> 19841479 | CC174: =-29.317-(0.1023*E174)+F174*(100-8.576-13.681) -> 24.28793 | CD174: =IF(BF174<>-999,BF174*$CC174, -999) -> 3162328.1 | CE174: =IF(BG174<>-999,BG174*$CC174, -999) -> 8924950.8 | CF174: =IF(BH174<>-999,BH174*$CC174, -999) -> 12087283 | CG174: =-38.03-(0.1023*E174)+F174*(100-8.576-13.681) -> 15.57493 | CH174: =IF(BI174<>-999,BI174*$CG174, -999) -> 6723797.8 | CI174: =IF(BJ174<>-999,BJ174*$CG174, -999) -> 18976379 | CJ174: =IF(BK174<>-999,BK174*$CG174, -999) -> 25700177 | CK174: =BP174+BT174+BX174+CB174+CF174+CJ174 -> 1.3801469e+08 | CL174: =((-55.825+0.1023*$E174)/$F174)+8.576+13.681 -> -37.886569 | CM174: =((-10.38+0.1023*$E174)/$F174)+8.576+13.681 -> 19.376148 | CN174: =((-100.485+0.1023*$E174)/$F174)+8.576+13.681 -> -94.160151 | CO174: =-17.17-22.91 -> -40.08 | CP174: =IF(AT174<>-999,AT174*$CO174, -999) -> -6700945.4 | CQ174: =IF(AU174<>-999,AU174*$CO174, -999) -> -18911894 | CR174: =IF(AV174<>-999,AV174*$CO174, -999) -> -25612846 | CS174: =-19.943-22.91 -> -42.853 | CT174: =IF(AW174<>-999,AW174*$CS174, -999) -> -5096345.5 | CU174: =IF(AX174<>-999,AX174*$CS174, -999) -> -14383274 | CV174: =IF(AY174<>-999,AY174*$CS174, -999) -> -19479627 | CW174: =-25.871-22.91 -> -48.781 | CX174: =IF(AZ174<>-999,AZ174*$CO174, -999) -> -15804378 | CY174: =IF(BA174<>-999,BA174*$CO174, -999) -> -44604245 | CZ174: =IF(BB174<>-999,BB174*$CO174, -999) -> -60408616 | DA174: =-25.245-22.91 -> -48.155 | DB174: =IF(BC174<>-999,BC174*$DA174, -999) -> -8814317.6 | DC174: =IF(BD174<>-999,BD174*$DA174, -999) -> -24876402 | DD174: =IF(BE174<>-999,BE174*$DA174, -999) -> -33690719 | DE174: =-29.317-22.91 -> -52.227 | DF174: =IF(BF174<>-999,BF174*$DE174, -999) -> -6800040.6 | DG174: =IF(BG174<>-999,BG174*$DE174, -999) -> -19191566 | DH174: =IF(BH174<>-999,BH174*$DE174, -999) -> -25991615 | DI174: =-38.03-22.91 -> -60.94 | DJ174: =IF(BI174<>-999,BI174*$DI174, -999) -> -26308191 | DK174: =IF(BJ174<>-999,BJ174*$DI174, -999) -> -74248842 | DL174: =IF(BK174<>-999,BK174*$DI174, -999) -> -1.0055703e+08 | DM174: =CR174+CV174+CZ174+DD174+DH174+DL174 -> -2.6574046e+08 | DN174: =-17.17 -> -17.17 | DO174: =IF(AT174<>-999,AT174*$DN174, -999) -> -2870639.5 | DP174: =IF(AU174<>-999,AU174*$DN174, -999) -> -8101727.2 | DQ174: =IF(AV174<>-999,AV174*$DN174, -999) -> -10972370 | DR174: =-19.943 -> -19.943 | DS174: =IF(AW174<>-999,AW174*$DR174, -999) -> -2371745.7 | DT174: =IF(AX174<>-999,AX174*$DR174, -999) -> -6693711.9 | DU174: =IF(AY174<>-999,AY174*$DR174, -999) -> -9065460.9 | DV174: =-25.871 -> -25.871 | DW174: =IF(AZ174<>-999,AZ174*$DV174, -999) -> -10201474 | DX174: =IF(BA174<>-999,BA174*$DV174, -999) -> -28791328 | DY174: =IF(BB174<>-999,BB174*$DV174, -999) -> -38992797 | DZ174: =-25.245 -> -25.245 | EA174: =IF(BC174<>-999, BC174*$DZ174, -999) -> -4620858.6 | EB174: =IF(BD174<>-999, BD174*$DZ174, -999) -> -13041320 | EC174: =IF(BE174<>-999, BE174*$DZ174, -999) -> -17662179 | ED174: =-29.317 -> -29.317 | EE174: =IF(BF174<>-999,BF174*$ED174, -999) -> -3817121.2 | EF174: =IF(BG174<>-999,BG174*$ED174, -999) -> -10772955 | EG174: =IF(BH174<>-999,BH174*$ED174, -999) -> -14590081 | EH174: =-38.03 -> -38.03 | EI174: =IF(BI174<>-999,BI174*$EH174, -999) -> -16417796 | EJ174: =IF(BJ174<>-999,BJ174*$EH174, -999) -> -46335469 | EK174: =IF(BK174<>-999,BK174*$EH174, -999) -> -62753265 | EL174: =DQ174+DU174+DY174+EC174+EG174+EK174 -> -1.5403615e+08 | EM174: =-17.17-(0.1023*G174)+H174*(100+102.093-66.644-64.243) -> 33.939632 | EN174: =IF(AT174<>-999,AT174*$EM174, -999) -> 5674341.9 | EO174: =IF(AU174<>-999,AU174*$EM174, -999) -> 16014539 | EP174: =IF(AV174<>-999,AV174*$EM174, -999) -> 21688887 | EQ174: =-19.943-(0.1023*G174)+H174*(100+102.093-66.644-64.243) -> 31.166632 | ER174: =IF(AW174<>-999,AW174*$EQ174, -999) -> 3706529.9 | ES174: =IF(AX174<>-999,AX174*$EQ174, -999) -> 10460836 | ET174: =IF(AY174<>-999,AY174*$EQ174, -999) -> 14167371 | EU174: =-25.871-(0.1023*G174)+H174*(100+102.093-66.644-64.243) -> 25.238632 | EV174: =IF(AZ174<>-999,AZ174*$EU174, -999) -> 9952117.8 | EW174: =IF(BA174<>-999,BA174*$EU174, -999) -> 28087578 | EX174: =IF(BB174<>-999,BB174*$EU174, -999) -> 38039692 | EY174: =-25.245-(0.1023*G174)+H174*(100+102.093-66.644-64.243) -> 25.864632 | EZ174: =IF(BC174<>-999, BC174*$EY174, -999) -> 4734276.5 | FA174: =IF(BD174<>-999, BD174*$EY174, -999) -> 13361416 | FB174: =IF(BE174<>-999, BE174*$EY174, -999) -> 18095692 | FC174: =-29.317-(0.1023*G174)+H174*(100+102.093-66.644-64.243) -> 21.792632 | FD174: =IF(BF174<>-999,BF174*$FC174, -999) -> 2837436.3 | FE174: =IF(BG174<>-999,BG174*$FC174, -999) -> 8008017.6 | FF174: =IF(BH174<>-999,BH174*$FC174, -999) -> 10845458 | FG174: =-38.03-(0.1023*G174)+H174*(100+102.093-66.644-64.243) -> 13.079632 | FH174: =IF(BI174<>-999,BI174*$FG174, -999) -> 5646561.7 | FI174: =IF(BJ174<>-999,BJ174*$FG174, -999) -> 15936127 | FJ174: =IF(BK174<>-999,BK174*$FG174, -999) -> 21582688 | FK174: =EP174+ET174+EX174+FB174+FF174+FJ174 -> 1.2441979e+08 | FL174: =-17.17+0.435*(100+83.36-27.092-93.78) -> 10.01228 | FM174: =IF(AT174<>-999,AT174*$FL174, -999) -> 1673945.6 | FN174: =IF(AU174<>-999,AU174*$FL174, -999) -> 4724330.9 | FO174: =IF(AV174<>-999,AV174*$FL174, -999) -> 6398278.2 | FP174: =-19.943+0.435*(100+83.36-27.092-93.78) -> 7.23928 | FQ174: =IF(AW174<>-999,AW174*$FP174, -999) -> 860940.24 | FR174: =IF(AX174<>-999,AX174*$FP174, -999) -> 2429807.7 | FS174: =IF(AY174<>-999,AY174*$FP174, -999) -> 3290749.1 | FT174: =-25.871+0.435*(100+83.36-27.092-93.78) -> 1.31128 | FU174: =IF(AZ174<>-999,AZ174*$FT174, -999) -> 517064.98 | FV174: =IF(BA174<>-999,BA174*$FT174, -999) -> 1459297.8 | FW174: =IF(BB174<>-999,BB174*$FT174, -999) -> 1976362.5 | FX174: =-25.245+0.435*(100+83.36-27.092-93.78) -> 1.93728 | FY174: =IF(BC174<>-999, BC174*$FX174, -999) -> 354600.79 | FZ174: =IF(BD174<>-999, BD174*$FX174, -999) -> 1000779.9 | GA174: =IF(BE174<>-999, BE174*$FX174, -999) -> 1355380.7 | GB174: =-29.317+0.435*(100+83.36-27.092-93.78) -> -2.13472 | GC174: =IF(BF174<>-999,BF174*$GB174, -999) -> -277944.03 | GD174: =IF(BG174<>-999,BG174*$GB174, -999) -> -784433.71 | GE174: =IF(BH174<>-999,BH174*$GB174, -999) -> -1062378.1 | GF174: =-38.03+0.435*(100+83.36-27.092-93.78) -> -10.84772 | GG174: =IF(BI174<>-999,BI174*$GF174, -999) -> -4683030.7 | GH174: =IF(BJ174<>-999,BJ174*$GF174, -999) -> -13216781 | GI174: =IF(BK174<>-999,BK174*$GF174, -999) -> -17899812 | GJ174: =FO174+FS174+FW174+GA174+GE174+GI174 -> -5941419.6

Sheet c_stored
A1: start_state | B1: county_biomass | C1: index | D1: wildfire_hazard_potential | E1: bur_path_length_km | F1: bur_w2_c_eff | G1: beccs_90_path_length_km | H1: beccs_90_w2_c_eff | I1: USFS_co2s_A1 | J1: Other_co2s_A1 | K1: Total_co2s_A1 | L1: USFS_co2s_A2 | M1: Other_co2s_A2 | N1: Total_co2s_A2 | O1: USFS_co2s_A3 | P1: Other_co2s_A3 | Q1: Total_co2s_A3 | R1: USFS_co2s_A4 | S1: Other_co2s_A4 | T1: Total_co2s_A4 | U1: USFS_co2s_A5 | V1: Other_co2s_A5 | W1: Total_co2s_A5 | X1: USFS_co2s_A6 | Y1: Other_co2s_A6 | Z1: Total_co2s_A6 | AA1: Total_co2s_burial | AB1: USFS_co2s_A1 | AC1: Other_co2s_A1 | AD1: Total_co2s_A1 | AE1: USFS_co2s_A2 | AF1: Other_co2s_A2 | AG1: Total_co2s_A2 | AH1: USFS_co2s_A3 | AI1: Other_co2s_A3 | AJ1: Total_co2s_A3 | AK1: USFS_co2s_A4 | AL1: Other_co2s_A4 | AM1: Total_co2s_A4 | AN1: USFS_co2s_A5 | AO1: Other_co2s_A5 | AP1: Total_co2s_A5 | AQ1: USFS_co2s_A6 | AR1: Other_co2s_A6 | AS1: Total_co2s_A6 | AT1: Total_co2s_beccs
A2: Nevada | B2: Elko | C2: 51 | D2: 1 | E2: 168.9173 | F2: 0.78545938 | G2: 303.45157 | H2: 0.80084971 | I2: 120161.41 | J2: 93926.497 | K2: 214088.04 | L2: 13458.399 | M2: 10519.96 | N2: 23978.36 | O2: 116147.39 | P2: 90788.92 | Q2: 206936.31 | R2: 208011.5 | S2: 162596.12 | T2: 370607.62 | U2: 23297.784 | V2: 18211.184 | W2: 41508.968 | X2: 201062.83 | Y2: 157164.59 | Z2: 358227.42 | AA2: 1215346.8 | AB2: 122515.86 | AC2: 95766.898 | AD2: 218282.89 | AE2: 13722.104 | AF2: 10726.089 | AG2: 24448.193 | AH2: 118423.19 | AI2: 92567.842 | AJ2: 210991.03 | AK2: 212087.29 | AL2: 165782.04 | AM2: 377869.33 | AN2: 23754.282 | AO2: 18568.015 | AP2: 42322.297 | AQ2: 205002.47 | AR2: 160244.08 | AS2: 365246.55 | AT2: 1239160.4
A3: California | B3: Mariposa | C3: 125 | D3: 0.996 | E3: 268.86479 | F3: 0.77833747 | G3: 69.855029 | H3: 0.81849499 | I3: 3610600.5 | J3: 530739.54 | K3: 4141340.1 | L3: 1798747.5 | M3: 264406.56 | N3: 2063154.1 | O3: 3120736.8 | P3: 458732.16 | Q3: 3579468.9 | R3: 3800234.2 | S3: 558614.81 | T3: 4358848.9 | U3: 1893220.2 | V3: 278293.59 | W3: 2171513.8 | X3: 3284642.1 | Y3: 482825.45 | Z3: 3767467.6 | AA3: 20081793 | AB3: 3796885.7 | AC3: 558122.5 | AD3: 4355008.2 | AE3: 1891552 | AF3: 278048.34 | AG3: 2169600.4 | AH3: 3281748 | AI3: 482399.98 | AJ3: 3764148 | AK3: 3996303.4 | AL3: 587435.96 | AM3: 4583739.2 | AN3: 1990898.9 | AO3: 292651.87 | AP3: 2283550.8 | AQ3: 3454109.9 | AR3: 507736.33 | AS3: 3961846.2 | AT3: 21117893
A4: California | B4: Calaveras | C4: 130 | D4: 0.995 | E4: 212.82786 | F4: 0.78156643 | G4: 55.152122 | H4: 0.81927917 | I4: 247467.75 | J4: 77638.763 | K4: 325106.65 | L4: 45631.479 | M4: 14316.1 | N4: 59947.579 | O4: 465953.71 | P4: 146185.06 | Q4: 612138.9 | R4: 135227 | S4: 42425.143 | T4: 177652.14 | U4: 24934.974 | V4: 7822.8925 | W4: 32757.866 | X4: 254616.95 | Y4: 79881.793 | Z4: 334498.75 | AA4: 1542101.8 | AB4: 259408.76 | AC4: 81385.048 | AD4: 340793.94 | AE4: 47833.324 | AF4: 15006.892 | AG4: 62840.216 | AH4: 488437.26 | AI4: 153238.89 | AJ4: 641676.29 | AK4: 141752.07 | AL4: 44472.274 | AM4: 186224.35 | AN4: 26138.155 | AO4: 8200.3687 | AP4: 34338.524 | AQ4: 266902.93 | AR4: 83736.311 | AS4: 350639.24 | AT4: 1616512.5
A5: California | B5: Tuolumne | C5: 146 | D5: 0.995 | E5: 242.06726 | F5: 0.78017396 | G5: 117.42988 | H5: 0.81487387 | I5: 152371.44 | J5: 68441.184 | K5: 220812.63 | L5: 45863.827 | M5: 20600.799 | N5: 66464.626 | O5: 177710.32 | P5: 79822.722 | Q5: 257532.91 | R5: 306688.66 | S5: 137756.29 | T5: 444444.96 | U5: 92313.388 | V5: 41464.723 | W5: 133778.11 | X5: 357689.93 | Y5: 160664.7 | Z5: 518354.63 | AA5: 1641387.8 | AB5: 159148.49 | AC5: 71485.252 | AD5: 230633.74 | AE5: 47903.719 | AF5: 21517.064 | AG5: 69420.783 | AH5: 185614.36 | AI5: 83373.009 | AJ5: 268987.24 | AK5: 320329.3 | AL5: 143883.3 | AM5: 464212.6 | AN5: 96419.224 | AO5: 43308.956 | AP5: 139728.18 | AQ5: 373598.96 | AR5: 167810.61 | AS5: 541409.56 | AT5: 1714392.1
A6: New Mexico | B6: Lincoln | C6: 42 | D6: 0.994 | E6: 106.94416 | F6: 0.79255077 | G6: 190.75651 | H6: 0.80920112 | I6: 538772.48 | J6: 48185.19 | K6: 586957.67 | L6: 324329.52 | M6: 29006.503 | N6: 353335.89 | O6: 389025.68 | P6: 34792.631 | Q6: 423818.31 | R6: 1768411.2 | S6: 158158.3 | T6: 1926569.4 | U6: 1064545.6 | V6: 95207.903 | W6: 1159753.5 | X6: 1276897.8 | Y6: 114199.64 | Z6: 1391097.4 | AA6: 5841532.3 | AB6: 550091.31 | AC6: 49197.491 | AD6: 599288.81 | AE6: 331143.22 | AF6: 29615.887 | AG6: 360758.97 | AH6: 397198.55 | AI6: 35523.574 | AJ6: 432722.12 | AK6: 1805563 | AL6: 161480.98 | AM6: 1967043.8 | AN6: 1086910.1 | AO6: 97208.083 | AP6: 1184118.2 | AQ6: 1303723.5 | AR6: 116598.81 | AS6: 1420322.3 | AT6: 5964254.4
A7: California | B7: Amador | C7: 89 | D7: 0.994 | E7: 206.44376 | F7: 0.78203523 | G7: 64.585432 | H7: 0.81896261 | I7: 976617.98 | J7: 1079224.6 | K7: 2055842.6 | L7: 639620.19 | M7: 706820.75 | N7: 1346440.9 | O7: 1860039.1 | P7: 2055460.8 | Q7: 3915499.8 | R7: 1188471.9 | S7: 1313336.7 | T7: 2501808.6 | U7: 778370.5 | V7: 860148.69 | W7: 1638519.3 | X7: 2263530.2 | Y7: 2501344.1 | Z7: 4764874.2 | AA7: 16222985 | AB7: 1022733.5 | AC7: 1130185.1 | AD7: 2152918.6 | AE7: 669822.78 | AF7: 740196.52 | AG7: 1410019.3 | AH7: 1947869.3 | AI7: 2152518.7 | AJ7: 4100388.1 | AK7: 1244591.1 | AL7: 1375351.9 | AM7: 2619942.9 | AN7: 815124.83 | AO7: 900764.55 | AP7: 1715889.5 | AQ7: 2370413.2 | AR7: 2619456.5 | AS7: 4989869.5 | AT7: 16989028
A8: California | B8: Sierra | C8: 134 | D8: 0.994 | E8: 203.86675 | F8: 0.78413211 | G8: 118.91094 | H8: 0.81503165 | I8: 76216.148 | J8: 16867.507 | K8: 93083.655 | L8: 82090.406 | M8: 18167.618 | N8: 100258.02 | O8: 363792.4 | P8: 80511.606 | Q8: 444304 | R8: 80721.373 | S8: 17864.651 | T8: 98586.024 | U8: 86942.98 | V8: 19241.516 | W8: 106184.49 | X8: 385296.84 | Y8: 85270.849 | Z8: 470567.68 | AA8: 1312983.9 | AB8: 79219.525 | AC8: 17532.189 | AD8: 96751.714 | AE8: 85325.264 | AF8: 18883.532 | AG8: 104208.8 | AH8: 378128.01 | AI8: 83684.25 | AJ8: 461812.26 | AK8: 83902.283 | AL8: 18568.626 | AM8: 102470.91 | AN8: 90369.058 | AO8: 19999.747 | AP8: 110368.81 | AQ8: 400479.86 | AR8: 88631.035 | AS8: 489110.89 | AT8: 1364723.4
A9: Utah | B9: Juab | C9: 18 | D9: 0.993 | E9: 47.864017 | F9: 0.79262083 | G9: 112.03261 | H9: 0.81549103 | I9: 347710.32 | J9: 432628.1 | K9: 780338.55 | L9: 321482.68 | M9: 399995.12 | N9: 721477.68 | O9: 534370.48 | P9: 664874.27 | Q9: 1199244.8 | R9: 402615.84 | S9: 500942.66 | T9: 903558.5 | U9: 372246.67 | V9: 463156.66 | W9: 835403.2 | X9: 618750.71 | Y9: 769861.88 | Z9: 1388612.4 | AA9: 5828635.2 | AB9: 357743.12 | AC9: 445111.1 | AD9: 802854.36 | AE9: 330758.71 | AF9: 411536.54 | AG9: 742295.12 | AH9: 549789.15 | AI9: 684058.48 | AJ9: 1233847.6 | AK9: 414232.88 | AL9: 515396.81 | AM9: 929629.69 | AN9: 382987.44 | AO9: 476520.53 | AP9: 859507.83 | AQ9: 636604.08 | AR9: 792075.39 | AS9: 1428679.3 | AT9: 5996814.1
A10: Utah | B10: Summit | C10: 46 | D10: 0.993 | E10: 184.77445 | F10: 0.78322481 | G10: 105.81619 | H10: 0.81582587 | I10: 147871.3 | J10: -999 | K10: 147871.3 | L10: 16153.575 | M10: -999 | N10: 16153.575 | O10: 287782.24 | P10: -999 | Q10: 287782.24 | R10: 294260.54 | S10: -999 | T10: 294260.54 | U10: 32145.214 | V10: -999 | W10: 32145.214 | X10: 572680.03 | Y10: -999 | Z10: 572680.03 | AA10: 1350892.7 | AB10: 154026.31 | AC10: -999 | AD10: 154026.31 | AE10: 16825.953 | AF10: -999 | AG10: 16825.953 | AH10: 299760.93 | AI10: -999 | AJ10: 299760.93 | AK10: 306508.88 | AL10: -999 | AM10: 306508.88 | AN10: 33483.231 | AO10: -999 | AP10: 33483.231 | AQ10: 596517.35 | AR10: -999 | AS10: 596517.35 | AT10: 1407122.5
A11: California | B11: Plumas | C11: 165 | D11: 0.993 | E11: 222.49294 | F11: 0.77859424 | G11: 86.597348 | H11: 0.81689523 | I11: 172281.9 | J11: -999 | K11: 172281.9 | L11: 106697.25 | M11: -999 | N11: 106697.25 | O11: 793141.64 | P11: -999 | Q11: 793141.64 | R11: 133529.92 | S11: -999 | T11: 133529.92 | U11: 82697.5 | V11: -999 | W11: 82697.5 | X11: 614737.68 | Y11: -999 | Z11: 614737.68 | AA11: 1903085.8 | AB11: 180756.88 | AC11: -999 | AD11: 180756.88 | AE11: 111945.95 | AF11: -999 | AG11: 111945.95 | AH11: 832158.26 | AI11: -999 | AJ11: 832158.26 | AK11: 140098.58 | AL11: -999 | AM11: 140098.58 | AN11: 86765.597 | AO11: -999 | AP11: 86765.597 | AQ11: 644978.16 | AR11: -999 | AS11: 644978.16 | AT11: 1996703.4
A12: California | B12: Trinity | C12: 166 | D12: 0.993 | E12: 237.19995 | F12: 0.75769114 | G12: 99.766734 | H12: 0.81636338 | I12: 4761.8488 | J12: 365979.73 | K12: 370741.58 | L12: 2572.077 | M12: 197680.11 | N12: 200252.18 | O12: 14721.205 | P12: 1131405.2 | Q12: 1146126.3 | R12: 2260.4056 | S12: 173724.68 | T12: 175985.08 | U12: 1220.9545 | V12: 93835.527 | W12: 95056.482 | X12: 6987.9466 | Y12: 537059.81 | Z12: 544047.76 | AA12: 2532209.4 | AB12: 5130.5853 | AC12: 394319.59 | AD12: 399450.17 | AE12: 2771.2472 | AF12: 212987.58 | AG12: 215758.83 | AH12: 15861.15 | AI12: 1219016.2 | AJ12: 1234877.2 | AK12: 2435.4414 | AL12: 187177.15 | AM12: 189612.59 | AN12: 1315.4999 | AO12: 101101.74 | AP12: 102417.24 | AQ12: 7529.0623 | AR12: 578647.34 | AS12: 586176.41 | AT12: 2728292.5
A13: Arizona | B13: Gila | C13: 84 | D13: 0.992 | E13: 220.92871 | F13: 0.78570732 | G13: 170.72524 | H13: 0.81095883 | I13: 291761.42 | J13: 28609.287 | K13: 320370.71 | L13: 106648.02 | M13: 10457.622 | N13: 117105.64 | O13: 205898.77 | P13: 20189.852 | Q13: 226088.62 | R13: 178887.54 | S13: 17541.243 | T13: 196428.78 | U13: 65389.107 | V13: 6411.856 | W13: 71800.963 | X13: 126242.62 | Y13: 12379.007 | Z13: 138621.63 | AA13: 1070416.3 | AB13: 301138.21 | AC13: 29528.749 | AD13: 330666.96 | AE13: 110075.53 | AF13: 10793.715 | AG13: 120869.25 | AH13: 212516.05 | AI13: 20838.724 | AJ13: 233354.78 | AK13: 184636.72 | AL13: 18104.993 | AM13: 202741.72 | AN13: 67490.618 | AO13: 6617.9238 | AP13: 74108.542 | AQ13: 130299.87 | AR13: 12776.851 | AS13: 143076.73 | AT13: 1104817.9
... A174: Colorado | B174: Chaffee | C174: 73 | D174: 0.401 | E174: 79.117205 | F174: 0.79362284 | G174: 70.073845 | H174: 0.81844489 | I174: 132685.21 | J174: 374473.83 | K174: 507159.17 | L174: 94382.567 | M174: 266373.29 | N174: 360755.99 | O174: 312941.99 | P174: 883207.27 | Q174: 1196149.1 | R174: 145265.16 | S174: 409977.79 | T174: 555242.95 | U174: 103330.99 | V174: 291628.18 | W174: 394959.3 | X174: 342612.1 | Y174: 966944.16 | Z174: 1309556.3 | AA174: 4323822.7 | AB174: 136835.19 | AC174: 386186.21 | AD174: 523021.53 | AE174: 97334.56 | AF174: 274704.62 | AG174: 372039.32 | AH174: 322729.85 | AI174: 910831.24 | AJ174: 1233560.9 | AK174: 149808.6 | AL174: 422800.62 | AM174: 572609.22 | AN174: 106562.86 | AO174: 300749.4 | AP174: 407312.39 | AQ174: 353327.94 | AR174: 997187.16 | AS174: 1350515.1 | AT174: 4459058.4
